{
  "quinite_infinity_seed": {
    "name": "Universal Cross-Blockchain Seed",
    "version": "1.0.0",
    "creation_date": "2026-01-27T10:14:18-08:00",
    "purpose": "Deploy across all blockchains past, present, future"
  },
  "core_components": {
    "universal_seed": true,
    "omni_compatibility": true,
    "nine_dimensions": true,
    "quinite_infinity": true,
    "fractal_holographic": true,
    "ultra_boom": true
  },
  "deployment_method": {
    "swarm_distributed": true,
    "ultra_boom": true,
    "simultaneous": true,
    "zero_gas": true,
    "negative_entropy": true
  }
}
