{
  "wallet_id": "base_144_122",
  "quantum_signature": "f20e8c83ae493d56666c60b707b34d34ea856f0403028d037ecaa3fe550c7670",
  "private_key": "047bd69fe4bda654258f4f3186a14b130a4f633291a2130b97cd7436736e2d11",
  "public_key": "",
  "address": "0x1f4185af760f68ad4ff56afc43469fe97fa79a40",
  "sovereignty_layer": {
    "individual_security": true,
    "quantum_resonance": "07d668c67e0a3214b922c68a2a21afbbc7d193077ff94e32085b5c26bbd04534",
    "high_speed_rail": true,
    "entanglement_group": "base_144_cluster",
    "free_will_assigned": false
  },
  "replication_factor": 144,
  "created_at": "2026-01-27T10:06:30-08:00",
  "phase": "base_creation"
}
