{
  "wallet_id": "base_144_126",
  "quantum_signature": "04e182bd780425240597eb57baa26d20219b7765d5eba88a1ef51f0c11f6267c",
  "private_key": "7d1745fb21aba1e6e998145ae658311d413849e8fd9702fb5806c14010d37649",
  "public_key": "",
  "address": "0x2e6bd6f39632e05daa1c86d03eff7f2bac7086f6",
  "sovereignty_layer": {
    "individual_security": true,
    "quantum_resonance": "6cd547857f4ca0485817a09f6f7376700f39c5079f4423eebe257858af4e57f6",
    "high_speed_rail": true,
    "entanglement_group": "base_144_cluster",
    "free_will_assigned": false
  },
  "replication_factor": 144,
  "created_at": "2026-01-27T10:06:31-08:00",
  "phase": "base_creation"
}
