{
  "wallet_id": "base_144_66",
  "quantum_signature": "86e4015c0256f05b70e71fc323c8e2ba6cd28adab1b0b3f511b3fb8832a37e95",
  "private_key": "df7e32d030e2aafef41e876fd1187874b43d0f66468fdc10a11a4d3f6ddb652c",
  "public_key": "",
  "address": "0xea52da7e7a1aa57e7df7d0595d56c7662b8b7853",
  "sovereignty_layer": {
    "individual_security": true,
    "quantum_resonance": "fa4074ce7a7d4406df3d9ce981959658d4722182deed5eebbe77c13ecaae848b",
    "high_speed_rail": true,
    "entanglement_group": "base_144_cluster",
    "free_will_assigned": false
  },
  "replication_factor": 144,
  "created_at": "2026-01-27T10:06:28-08:00",
  "phase": "base_creation"
}
