{
  "wallet_id": "base_144_125",
  "quantum_signature": "a3efb13a7e45d586aabeff1b5eea2cd5ab0dcebe342a802e37d81584cdb45773",
  "private_key": "2688faf2d0b95e48bea81e9822ba53db2b5968cda6a653a253a0a2560cebaf8b",
  "public_key": "",
  "address": "0x65d9818497423891806bbed46645b73bd76137cb",
  "sovereignty_layer": {
    "individual_security": true,
    "quantum_resonance": "693385fb7046c438548cb16d7e33401fa5f07f5d4ee8dd577b3996521a0384c3",
    "high_speed_rail": true,
    "entanglement_group": "base_144_cluster",
    "free_will_assigned": false
  },
  "replication_factor": 144,
  "created_at": "2026-01-27T10:06:31-08:00",
  "phase": "base_creation"
}
