{
  "wallet_id": "base_144_124",
  "quantum_signature": "54cc79106ddb672c42385045cabdb2a8761f5b06f3edb533c0af58d6a1a27b67",
  "private_key": "fa1c55075cc6b3901587819fec385f186197312c017c4d15a51588067d2b7da6",
  "public_key": "",
  "address": "0x0503a4320d47398736ed347d064ed2db397a3193",
  "sovereignty_layer": {
    "individual_security": true,
    "quantum_resonance": "b6cb0175f7a5a65f01a16dd2551482d86274d7a94c2e83e3e533afd1c5473b0d",
    "high_speed_rail": true,
    "entanglement_group": "base_144_cluster",
    "free_will_assigned": false
  },
  "replication_factor": 144,
  "created_at": "2026-01-27T10:06:31-08:00",
  "phase": "base_creation"
}
