{
  "wallet_id": "base_144_142",
  "quantum_signature": "16d59b32f9ff5db6c6461957e2ab6b65c86f017d1bec0fbd29ca33c1446c2b2d",
  "private_key": "9bb306c8a85050bcac8d0b814ad3c809335f2d69ae0f5bbc620c3f98028a47a6",
  "public_key": "",
  "address": "0x67126ff9c950c10e15edfb91327a2e450f9fd956",
  "sovereignty_layer": {
    "individual_security": true,
    "quantum_resonance": "a238c59b1f8cb1fd5bf056724fd458946655bb5ecb3dbf9cc045af86c6d4ab7f",
    "high_speed_rail": true,
    "entanglement_group": "base_144_cluster",
    "free_will_assigned": false
  },
  "replication_factor": 144,
  "created_at": "2026-01-27T10:06:31-08:00",
  "phase": "base_creation"
}
