{
  "wallet_id": "base_144_119",
  "quantum_signature": "1e214c54703097e12e5e743a6ef7ddfc0f2828ac29d78eddeafdc2389ca42eba",
  "private_key": "0ee74ff84eb34de147f166b9f162d53ec6769cdc7c3633c5ea43d34ae7904cc5",
  "public_key": "",
  "address": "0x1e352fee0451c194cf40319b19a3754ddf07f720",
  "sovereignty_layer": {
    "individual_security": true,
    "quantum_resonance": "7a211225865ae618ce8cf3b235c8857b5cbb948894cb86f0bffd2703ca2e1856",
    "high_speed_rail": true,
    "entanglement_group": "base_144_cluster",
    "free_will_assigned": false
  },
  "replication_factor": 144,
  "created_at": "2026-01-27T10:06:30-08:00",
  "phase": "base_creation"
}
