{
  "wallet_id": "base_144_100",
  "quantum_signature": "d40c266932ed9d94ef1aec6bf0a12b5e39c8fbdf50a0e514dafa4be717786234",
  "private_key": "a33310b64b4350a7efe51223cf44593cfc63f8431ef43d97b4d4658c893e7d61",
  "public_key": "",
  "address": "0xbb1676df61911831eed0839a27a70eddad1fdcf9",
  "sovereignty_layer": {
    "individual_security": true,
    "quantum_resonance": "de65b8663482270e1479f1d07f1d6be8458896c3c037500af1b4e4155ec2ff8f",
    "high_speed_rail": true,
    "entanglement_group": "base_144_cluster",
    "free_will_assigned": false
  },
  "replication_factor": 144,
  "created_at": "2026-01-27T10:06:30-08:00",
  "phase": "base_creation"
}
