{
  "wallet_id": "base_144_34",
  "quantum_signature": "7b7154c3c89e897ea029de56960679ca7aec5271b5eb7087558c8cee7824da84",
  "private_key": "19f1d7795265f4165de2370ef2ee50663577c3e9145ed0516e15d0e9e2b41492",
  "public_key": "",
  "address": "0x3794c197d848bb252813c6ec2df5976b36746314",
  "sovereignty_layer": {
    "individual_security": true,
    "quantum_resonance": "0cd087ffdd1dd7ab7f41145173003f5189d2b9fe5be71ae644a2c111af43680b",
    "high_speed_rail": true,
    "entanglement_group": "base_144_cluster",
    "free_will_assigned": false
  },
  "replication_factor": 144,
  "created_at": "2026-01-27T10:06:27-08:00",
  "phase": "base_creation"
}
