{
  "wallet_id": "base_144_69",
  "quantum_signature": "46aecb26a0dd3d786baf29c5c7e2ac9b86a6877174fd4acf6c0fe3e156f007cf",
  "private_key": "3b8587d1ea5597ee034d1eb4abf0703597ab36ee4d51b9ea7206f4ed9f0a328a",
  "public_key": "",
  "address": "0xafcfef33e9e1475ba2b57982ffe5507a9f7ef948",
  "sovereignty_layer": {
    "individual_security": true,
    "quantum_resonance": "82b6cbbe8a4353926356364a4974ca8c90b26ec69365f3ba0cbb70a71e0c0748",
    "high_speed_rail": true,
    "entanglement_group": "base_144_cluster",
    "free_will_assigned": false
  },
  "replication_factor": 144,
  "created_at": "2026-01-27T10:06:28-08:00",
  "phase": "base_creation"
}
