{
  "wallet_id": "base_144_99",
  "quantum_signature": "81b8e97b997c601aed41830b5dc9b3ad67535aeacf900d400f7ee036f989da5a",
  "private_key": "e2cc95da799bab5e51ace63f32fa55678ae6f06476bcef510e37fe7e10d4e266",
  "public_key": "",
  "address": "0xe7ef10d5d9775f2417a8be814ad61d2803f10b9b",
  "sovereignty_layer": {
    "individual_security": true,
    "quantum_resonance": "49d86ae022ed67c013b52dfde02e8ffc3d9ecd299de0f9d31e87c24cbf752c14",
    "high_speed_rail": true,
    "entanglement_group": "base_144_cluster",
    "free_will_assigned": false
  },
  "replication_factor": 144,
  "created_at": "2026-01-27T10:06:30-08:00",
  "phase": "base_creation"
}
