{
  "wallet_id": "base_144_92",
  "quantum_signature": "0f51d63329a4fe2619eb31ed9eb186f0ba674c43ad5e06b27b2f02f9722ac851",
  "private_key": "fbd8156803509e7f92cd212febb09ebd105cc14daa9bf40657944070796de046",
  "public_key": "",
  "address": "0x0da55515bae30f5ce5d3b1b7076828c8cc492d81",
  "sovereignty_layer": {
    "individual_security": true,
    "quantum_resonance": "51ccb6fc902ab60769f5794aeba3691d813f06015a63ff8010fe873dc4a7fc6c",
    "high_speed_rail": true,
    "entanglement_group": "base_144_cluster",
    "free_will_assigned": false
  },
  "replication_factor": 144,
  "created_at": "2026-01-27T10:06:29-08:00",
  "phase": "base_creation"
}
