{
  "wallet_id": "base_144_63",
  "quantum_signature": "c044f05f94c522eaad92d09b469a9417ea71b5ba56a7c5eeea91ff4f15c562a0",
  "private_key": "6e25a9e5e02b7640be79c7d9d3c9e71a17d542a8938358f5fb2b0df1a8584cd4",
  "public_key": "",
  "address": "0xa0a58251f874e1a3c4ef0931a272359da9d9987d",
  "sovereignty_layer": {
    "individual_security": true,
    "quantum_resonance": "6ca0428f7884c9159457867312e404829ee197764151dc127f3f94ff85abb3dc",
    "high_speed_rail": true,
    "entanglement_group": "base_144_cluster",
    "free_will_assigned": false
  },
  "replication_factor": 144,
  "created_at": "2026-01-27T10:06:28-08:00",
  "phase": "base_creation"
}
