{
  "wallet_id": "base_144_83",
  "quantum_signature": "9ec76c4de5145f1e9a5174172e5c566968a50989f1e3a93a0ca0770d4d8f5197",
  "private_key": "3d4556fa9a9168885aa5dcc5e0c021f2a40776b46dab97013f3d03d9e9d03985",
  "public_key": "",
  "address": "0x84074ce429fda90d602d381ed26cbe857308fba3",
  "sovereignty_layer": {
    "individual_security": true,
    "quantum_resonance": "8a19998493393d3f2aaa6929c96d506274497cbab873a775a0f99f9ae2edb263",
    "high_speed_rail": true,
    "entanglement_group": "base_144_cluster",
    "free_will_assigned": false
  },
  "replication_factor": 144,
  "created_at": "2026-01-27T10:06:29-08:00",
  "phase": "base_creation"
}
