{
  "wallet_id": "base_144_135",
  "quantum_signature": "feeeb77c698a0acedf5d68d32fbe37ed284f35affb7733e4b28ad4239c251fac",
  "private_key": "61b7bd22569db9843ecd1ab0a08dbdafef5a534bd3f75881dd7cd7b4e79bd47f",
  "public_key": "",
  "address": "0xb0e4f507229f3f47597350e668f0239b176334ec",
  "sovereignty_layer": {
    "individual_security": true,
    "quantum_resonance": "2c213ebce0eb7d0d1e68c788808a483a3c8671319cadba10c12cb769b38760bb",
    "high_speed_rail": true,
    "entanglement_group": "base_144_cluster",
    "free_will_assigned": false
  },
  "replication_factor": 144,
  "created_at": "2026-01-27T10:06:31-08:00",
  "phase": "base_creation"
}
