{
  "wallet_id": "base_144_74",
  "quantum_signature": "e7f948c3900378b54f446ca045fbe1d9f2a9b57f5a9a30a9551fed76af8f9850",
  "private_key": "8acbe2bbb6884da65632ac2bcd38cbe80fa3162543103696ee83f7058bd5c20d",
  "public_key": "",
  "address": "0x2aad25fd78744fd86883147cbe42dd9ec358f530",
  "sovereignty_layer": {
    "individual_security": true,
    "quantum_resonance": "57e9a99f49811687fc90125a8070c7d873bcf5d6b544a20c865e024cc3a54d99",
    "high_speed_rail": true,
    "entanglement_group": "base_144_cluster",
    "free_will_assigned": false
  },
  "replication_factor": 144,
  "created_at": "2026-01-27T10:06:29-08:00",
  "phase": "base_creation"
}
