{
  "wallet_id": "base_144_131",
  "quantum_signature": "f7a1ad17ebbea25f389ed3d643ffdc21633558a1cc04881fe4acf414c2b9914d",
  "private_key": "3cb7821a3b5ec2833ca13aba5f8960ffd70c5ce0466242f534b20d44d03297d8",
  "public_key": "",
  "address": "0xfa02070bef04b543380a5502a4664e376a877cf3",
  "sovereignty_layer": {
    "individual_security": true,
    "quantum_resonance": "4e4602ab4751f904deb8c4d5552083b4da2c278dc701ca4ffde263b8d07649c1",
    "high_speed_rail": true,
    "entanglement_group": "base_144_cluster",
    "free_will_assigned": false
  },
  "replication_factor": 144,
  "created_at": "2026-01-27T10:06:31-08:00",
  "phase": "base_creation"
}
