{
  "wallet_id": "base_144_98",
  "quantum_signature": "ddef2a2662bd903b3286c3fd4b1953cd7c09a29ecd69ed66db2571978f693376",
  "private_key": "e878e374c1ce3e68606887912e6ddfaa2caf02a3484773087360457e8cdd4c7f",
  "public_key": "",
  "address": "0x8a0d83f4d75c47fb9a569fff6434cf2b003695b5",
  "sovereignty_layer": {
    "individual_security": true,
    "quantum_resonance": "70059634b80ad086e00140aa3aaf014ad5262cfbf183be55252df4ffeb54c807",
    "high_speed_rail": true,
    "entanglement_group": "base_144_cluster",
    "free_will_assigned": false
  },
  "replication_factor": 144,
  "created_at": "2026-01-27T10:06:30-08:00",
  "phase": "base_creation"
}
