{
  "wallet_id": "base_144_91",
  "quantum_signature": "7375a02a1e1f9d58972d31c73504ac82fda2adcb7a6b8014f09a42959bde6f25",
  "private_key": "dc195f4445f8f237f7823905db5b9be32a82be48cd07303ae0ed245e241f6d72",
  "public_key": "",
  "address": "0x972c0c9d18227915b19d4ac3cce83734d721922d",
  "sovereignty_layer": {
    "individual_security": true,
    "quantum_resonance": "c62739cc242f70688fb9d17f3ab3de7ef982f4d209c0f340a8a31679638f2044",
    "high_speed_rail": true,
    "entanglement_group": "base_144_cluster",
    "free_will_assigned": false
  },
  "replication_factor": 144,
  "created_at": "2026-01-27T10:06:29-08:00",
  "phase": "base_creation"
}
