{
  "wallet_id": "base_144_72",
  "quantum_signature": "536e2782437e2c4c5cc1bd05f0b221e3b85f2ef35259e4c1a71157ff1a5e40c2",
  "private_key": "34cb34aa6f5bc92b72e20987b2203923a5470df55eb2f69a44c056f5e619dd10",
  "public_key": "",
  "address": "0x2a0e5e18d5914f6ed7d0b9512a75a6368a837369",
  "sovereignty_layer": {
    "individual_security": true,
    "quantum_resonance": "967307535c6e4f35aaa1834de2db234b97b784955ed5e33c7510cb0c2a164fbc",
    "high_speed_rail": true,
    "entanglement_group": "base_144_cluster",
    "free_will_assigned": false
  },
  "replication_factor": 144,
  "created_at": "2026-01-27T10:06:29-08:00",
  "phase": "base_creation"
}
