{
  "wallet_id": "base_144_47",
  "quantum_signature": "2b62c12c69b2d6c3d95c9787e2f21e28ce0bb6ae6f770e3d3df3143d6ab2c71f",
  "private_key": "e3899f89dd459244c3071669e364d1d522963ed0efc41e23ceb93695983cede1",
  "public_key": "",
  "address": "0x326d8d9c75e2d0dfebd195e2557c4eafd83ae991",
  "sovereignty_layer": {
    "individual_security": true,
    "quantum_resonance": "f1764750133962ca93a20606dc5634b40cae2e31bb573bac5be9e1176989c988",
    "high_speed_rail": true,
    "entanglement_group": "base_144_cluster",
    "free_will_assigned": false
  },
  "replication_factor": 144,
  "created_at": "2026-01-27T10:06:28-08:00",
  "phase": "base_creation"
}
