{
  "wallet_id": "base_144_76",
  "quantum_signature": "1181c801c079ca7d08c2b5273f2737560f2ce0489d3150bb47036f3f531e84ad",
  "private_key": "dd51511c608262a7ec2c5f6d58fafa74cd3bd58cdd591e0e090489024225e85f",
  "public_key": "",
  "address": "0x49a91e2699edf48e7f6ec3345da29b798457ba41",
  "sovereignty_layer": {
    "individual_security": true,
    "quantum_resonance": "82e74bc93644ded48942a662f87a8609fcbc588de23702406f9908c5128c5b44",
    "high_speed_rail": true,
    "entanglement_group": "base_144_cluster",
    "free_will_assigned": false
  },
  "replication_factor": 144,
  "created_at": "2026-01-27T10:06:29-08:00",
  "phase": "base_creation"
}
