{
  "wallet_id": "base_144_134",
  "quantum_signature": "61ef48553df5bb5bc0c62289df2bd521a2037206f4c1b6e401ad5212493515a0",
  "private_key": "3018da7e15b2b7fb176438cc23e5c10f8bc59db89e47381ed39ed380169489b4",
  "public_key": "",
  "address": "0xca7285db0b32564edeb3a4884410b97731950c4d",
  "sovereignty_layer": {
    "individual_security": true,
    "quantum_resonance": "23036b9ad340f09aee23df583eed74b49171f27bcd4d42f46b14cc77af367b60",
    "high_speed_rail": true,
    "entanglement_group": "base_144_cluster",
    "free_will_assigned": false
  },
  "replication_factor": 144,
  "created_at": "2026-01-27T10:06:31-08:00",
  "phase": "base_creation"
}
