{
  "wallet_id": "base_144_101",
  "quantum_signature": "108dd200dc8b77e77b9600f2848f21cbda883878c4192287d69b0f2bf042c625",
  "private_key": "33c5dc58b67676201db3676306d30f7eb0fd97324b079bd56289e28db76eb7b9",
  "public_key": "",
  "address": "0x53efc785e941f23aeca07eac7821425082883346",
  "sovereignty_layer": {
    "individual_security": true,
    "quantum_resonance": "579fb7a55af419e67e8227bbf5eaba15302fb6309cd0b70988f89f1871eae64c",
    "high_speed_rail": true,
    "entanglement_group": "base_144_cluster",
    "free_will_assigned": false
  },
  "replication_factor": 144,
  "created_at": "2026-01-27T10:06:30-08:00",
  "phase": "base_creation"
}
