{
  "wallet_id": "base_144_62",
  "quantum_signature": "6c5b6abb0857771473c20a7ebf0035b7881eb61fbfde4941ba988a7180090d15",
  "private_key": "e9a8615eee20ebe9e2f0f712540c9ef9484833dc0dad7bf8f46034c743b058de",
  "public_key": "",
  "address": "0x4bed0da7c29c695734aab95d3bdbde7c8cf7c212",
  "sovereignty_layer": {
    "individual_security": true,
    "quantum_resonance": "bf3c05d30336d1781b5b91c44a2691b38256b4d6be60d0201b3e71249d404f66",
    "high_speed_rail": true,
    "entanglement_group": "base_144_cluster",
    "free_will_assigned": false
  },
  "replication_factor": 144,
  "created_at": "2026-01-27T10:06:28-08:00",
  "phase": "base_creation"
}
