{
  "wallet_id": "base_144_16",
  "quantum_signature": "b2f72064b1346ec437b0ae8431089fa4415d81a4cd3b942c6586f66cd76b2387",
  "private_key": "88b766aa2acfc7d1d05d47e3504397cc2b69a1a74daa23e1995b72241923b7b1",
  "public_key": "",
  "address": "0xe4c47163a3673c87dc0f77c8d4a498de6e90ab15",
  "sovereignty_layer": {
    "individual_security": true,
    "quantum_resonance": "b2be00e9ef1b6309dac47f2f988a777bb33375672456e7ab480780498a41ef03",
    "high_speed_rail": true,
    "entanglement_group": "base_144_cluster",
    "free_will_assigned": false
  },
  "replication_factor": 144,
  "created_at": "2026-01-27T10:06:26-08:00",
  "phase": "base_creation"
}
