{
  "wallet_id": "base_144_50",
  "quantum_signature": "38471f8a5cdba020af05b3db93f59ac5b8de61267b9240cc53bb2a6429db1ff9",
  "private_key": "0098606f948596af168995250653c453cb603409fd34a6f556462c7c45e68c06",
  "public_key": "",
  "address": "0xf6b63b11d5a9fc9319ba64efec9dbcfedc4549f4",
  "sovereignty_layer": {
    "individual_security": true,
    "quantum_resonance": "82383d65c6772160df4b3bc490bdecfcd7d4ae90a6f8559114ca5b4840a099ae",
    "high_speed_rail": true,
    "entanglement_group": "base_144_cluster",
    "free_will_assigned": false
  },
  "replication_factor": 144,
  "created_at": "2026-01-27T10:06:28-08:00",
  "phase": "base_creation"
}
