{
  "wallet_id": "base_144_113",
  "quantum_signature": "9302541773fccadd608569ae06937128b2051ab5393b99b75ec840a9eacfc7ed",
  "private_key": "eea254f6e66014c5da38450ff807454ab90aeacdf1dcfb7e0574ce1e7849f3ad",
  "public_key": "",
  "address": "0x66f748c7832a3b5fea1518089a0e2456fa0829aa",
  "sovereignty_layer": {
    "individual_security": true,
    "quantum_resonance": "252365ca3bf37e022997a4fe9c524d07218c7fffb11ba424285a4480b8090277",
    "high_speed_rail": true,
    "entanglement_group": "base_144_cluster",
    "free_will_assigned": false
  },
  "replication_factor": 144,
  "created_at": "2026-01-27T10:06:30-08:00",
  "phase": "base_creation"
}
