{
  "wallet_id": "base_144_6",
  "quantum_signature": "e29d3ad7ae2973629aa26ec28c3bb4c4af1176ad8d044decebcc307c55451d9b",
  "private_key": "27c0f036e5555d5d66c7d19c550ad568feb0128d8aa14f8490a5ad770011ce43",
  "public_key": "",
  "address": "0xb9e7c8aa19f8eccf897f6da74054023fee262e9d",
  "sovereignty_layer": {
    "individual_security": true,
    "quantum_resonance": "c0d4ee54f7306805d02afc4ec0dc333b5ccb4d05bcec2e1588bf7ffe4d507daa",
    "high_speed_rail": true,
    "entanglement_group": "base_144_cluster",
    "free_will_assigned": false
  },
  "replication_factor": 144,
  "created_at": "2026-01-27T10:06:26-08:00",
  "phase": "base_creation"
}
