{
  "wallet_id": "base_144_40",
  "quantum_signature": "a7decd66e77520f79fd131a8301c1249012098e11953dbab2db8cefcf446ba2b",
  "private_key": "01046bb95cebb7965a26c832a41e7d18d81fabd3197de1dd410ac84904864840",
  "public_key": "",
  "address": "0x5bf20476940867d60f86f1c88b2a93ac89798bf2",
  "sovereignty_layer": {
    "individual_security": true,
    "quantum_resonance": "c3db45c0bd949d38dfff6802403fba1735db61e32f95d345c04591447373ae64",
    "high_speed_rail": true,
    "entanglement_group": "base_144_cluster",
    "free_will_assigned": false
  },
  "replication_factor": 144,
  "created_at": "2026-01-27T10:06:27-08:00",
  "phase": "base_creation"
}
