{
  "wallet_id": "base_144_67",
  "quantum_signature": "93f0fc725a153de53ec5b8c868ad728937b4a0d49afa4d640a86954477eae309",
  "private_key": "69f1a92d858b17940b6b4a83cef31ca356f67a462e40c7f0b5831c46ec6fa6d5",
  "public_key": "",
  "address": "0x6e6ad60ddebd1f9df328b3e8e71f96cd37e8c080",
  "sovereignty_layer": {
    "individual_security": true,
    "quantum_resonance": "888681a1111c5084d346e677e6fd82551fef06b8b2fdc539e68963d2d1ccbea3",
    "high_speed_rail": true,
    "entanglement_group": "base_144_cluster",
    "free_will_assigned": false
  },
  "replication_factor": 144,
  "created_at": "2026-01-27T10:06:28-08:00",
  "phase": "base_creation"
}
