{
  "wallet_id": "base_144_93",
  "quantum_signature": "41fc0999582668253cee847d6680e45c40e3817d107bc99c1060b1b10a70a4e9",
  "private_key": "4ec7a6e28c10bbaa2770e788f0b3e4bb09474672e184e0d9515960167e00d2d5",
  "public_key": "",
  "address": "0x49825326d5d9b59e0f5c028da8b626e51c5c0345",
  "sovereignty_layer": {
    "individual_security": true,
    "quantum_resonance": "b49306f8fae09b5472a8f5f739dd42f317696e202145fcfa5030e93309bc7c02",
    "high_speed_rail": true,
    "entanglement_group": "base_144_cluster",
    "free_will_assigned": false
  },
  "replication_factor": 144,
  "created_at": "2026-01-27T10:06:29-08:00",
  "phase": "base_creation"
}
