{
  "wallet_id": "base_144_4",
  "quantum_signature": "aec045890e31e9fa9a2651d6dce8cfef9ce5c55fb2516ae9f15cf2c03f6316df",
  "private_key": "efac16ec0c3fa9376fa42c8cbcd4b1361c4ee005e72583636144e9f803fb518b",
  "public_key": "",
  "address": "0x886f4ee9a973ab87e4ad792d77d797f6c5226006",
  "sovereignty_layer": {
    "individual_security": true,
    "quantum_resonance": "a99c38baff0bd4ffb5f444b7b50e13b2251f532ad571bc05b931816b99f68233",
    "high_speed_rail": true,
    "entanglement_group": "base_144_cluster",
    "free_will_assigned": false
  },
  "replication_factor": 144,
  "created_at": "2026-01-27T10:06:26-08:00",
  "phase": "base_creation"
}
