{
  "wallet_id": "base_144_51",
  "quantum_signature": "cfb24f2f0b6f84a12642c0106fc0a2c8d3e24886d4c119bdb688fba9b712c2ba",
  "private_key": "daf8c5761c2c71b1a2efa35427bfa3a8ad9be861f586af73d2cf74b14ce38254",
  "public_key": "",
  "address": "0xddb760dc51558a3efe28dc398ac87b006fd5d013",
  "sovereignty_layer": {
    "individual_security": true,
    "quantum_resonance": "1063dd8c623e18c4146b9c03bc258f0b4734bffde1ff9d3b2570a4bc1c218246",
    "high_speed_rail": true,
    "entanglement_group": "base_144_cluster",
    "free_will_assigned": false
  },
  "replication_factor": 144,
  "created_at": "2026-01-27T10:06:28-08:00",
  "phase": "base_creation"
}
