{
  "wallet_id": "base_144_104",
  "quantum_signature": "2abcf726c1cf8111f68184aa5918b12fa9640c42985473e14e94b3df0be28db3",
  "private_key": "e68527eedc86f24b626f26de7f1cb8bddbdb5b7de9fba5f6af0e579911ab6faf",
  "public_key": "",
  "address": "0xa26f97a4b6b05608d7b0853fbe2f6cf632b8f79d",
  "sovereignty_layer": {
    "individual_security": true,
    "quantum_resonance": "194ea4891baff48fce3a8dd671bbff3167ed1395a48309cf64607deb24e0ffe0",
    "high_speed_rail": true,
    "entanglement_group": "base_144_cluster",
    "free_will_assigned": false
  },
  "replication_factor": 144,
  "created_at": "2026-01-27T10:06:30-08:00",
  "phase": "base_creation"
}
