{
  "wallet_id": "base_144_28",
  "quantum_signature": "2f4e90614df481f7882d98d9232bcae313ecf15fda16359811b2e9ea715ef938",
  "private_key": "d0e9a7645b6f97c7d5511104bc19fca1e3831a3e155f5af32b03fea9ce54ae5a",
  "public_key": "",
  "address": "0x4d93c90eef0c7def7e5138dea73fc7a6b795ba50",
  "sovereignty_layer": {
    "individual_security": true,
    "quantum_resonance": "f99517c8cc498f56761a4d04c04a96f4b0559179187ec3767bdeb14b25069550",
    "high_speed_rail": true,
    "entanglement_group": "base_144_cluster",
    "free_will_assigned": false
  },
  "replication_factor": 144,
  "created_at": "2026-01-27T10:06:27-08:00",
  "phase": "base_creation"
}
