{
  "wallet_id": "base_144_75",
  "quantum_signature": "b05cdd7e2a5f84b05d70579dd412e420f506657f2e4bee45d0249426e818354d",
  "private_key": "a0b3b6667232ceb838cbad6fd93b69fb92727a1a4f084e27c7edbd1d0a1b0725",
  "public_key": "",
  "address": "0x78303855fd984f1ceffd2375a55a7f6b9fdffcfb",
  "sovereignty_layer": {
    "individual_security": true,
    "quantum_resonance": "b7a17ad2be672acddce09aefb78db341ef640d8fdab598497880623c1af810cf",
    "high_speed_rail": true,
    "entanglement_group": "base_144_cluster",
    "free_will_assigned": false
  },
  "replication_factor": 144,
  "created_at": "2026-01-27T10:06:29-08:00",
  "phase": "base_creation"
}
