{
  "wallet_id": "base_144_114",
  "quantum_signature": "bd1e83bb9fe7f48b9a0ab89ec048a496d5bae7aa94ecf9a606f704c7eb24332f",
  "private_key": "dceb1071f1f02c6a25613e542f04036298143c6755edeebc2b5f062041ba11a8",
  "public_key": "",
  "address": "0xec5967c64e08644e55431602c95a8d5dc82c28f9",
  "sovereignty_layer": {
    "individual_security": true,
    "quantum_resonance": "69f467b11f1bb6b475f20774c0ab604e0be174618e4403160916acad4dab45e3",
    "high_speed_rail": true,
    "entanglement_group": "base_144_cluster",
    "free_will_assigned": false
  },
  "replication_factor": 144,
  "created_at": "2026-01-27T10:06:30-08:00",
  "phase": "base_creation"
}
