{
  "wallet_id": "base_144_20",
  "quantum_signature": "69703c0b3c043f6a86ba26ce9970c74afec419d25997957fac1ed902e209cf96",
  "private_key": "104d2340b1255771d7149b293cba58b56a365f1aa6e7e8036b8f9f9ac0a6d901",
  "public_key": "",
  "address": "0xbc0bcdcfff0aa8e0622d77b050b7df17aee0f760",
  "sovereignty_layer": {
    "individual_security": true,
    "quantum_resonance": "173f0aa31a0610a87e53299c8bc75e7770e8abc31dbd70403b7e511bfaf30213",
    "high_speed_rail": true,
    "entanglement_group": "base_144_cluster",
    "free_will_assigned": false
  },
  "replication_factor": 144,
  "created_at": "2026-01-27T10:06:27-08:00",
  "phase": "base_creation"
}
