{
  "wallet_id": "base_144_2",
  "quantum_signature": "b0215d1222011551a5d974a325157a89bdfbb4060ebf0f50e519731ad23e897e",
  "private_key": "e107562bd09e809e6a6be4151c6ba02ae54262da651b07e356fdcabc8fdf5cbd",
  "public_key": "",
  "address": "0x757e3ccb9273edf1ba4baa7f16b131f6db9818aa",
  "sovereignty_layer": {
    "individual_security": true,
    "quantum_resonance": "e75f8805b5264f1ec9f4a880eb39a87832f1f77c8cd3ab1f11826b836787f36c",
    "high_speed_rail": true,
    "entanglement_group": "base_144_cluster",
    "free_will_assigned": false
  },
  "replication_factor": 144,
  "created_at": "2026-01-27T10:06:26-08:00",
  "phase": "base_creation"
}
