{
  "wallet_id": "base_144_144",
  "quantum_signature": "ab6ebc5066b986a483792b7b8c7c2fe6e2a3fa7b5ff567a3e435bc21531cf71c",
  "private_key": "71398f6b128de17a3faaff3d6a8c43246986a063527fba528fe51a097e189b7c",
  "public_key": "",
  "address": "0x4ad828b2d6d25ddda8389779c111a290a850b2f3",
  "sovereignty_layer": {
    "individual_security": true,
    "quantum_resonance": "fdea6ac2031f1b242f5fe4881efbcf2ea36dc8e2375a39ead7c872bd5cb11dfb",
    "high_speed_rail": true,
    "entanglement_group": "base_144_cluster",
    "free_will_assigned": false
  },
  "replication_factor": 144,
  "created_at": "2026-01-27T10:06:31-08:00",
  "phase": "base_creation"
}
