{
  "wallet_id": "base_144_60",
  "quantum_signature": "f27f80bc3b15bd382264c1bcf96f63bd1b1a54bc0a5eda9b687a347a7a9f4586",
  "private_key": "c4656d8d2c215f5729ecc17381b1e896929f5d95a093ff77b6eda60c4227068c",
  "public_key": "",
  "address": "0xedbe0e2888217e5755ea967be505fbd50e9b58a1",
  "sovereignty_layer": {
    "individual_security": true,
    "quantum_resonance": "fb1d01b3abfaf835f82a09f2d9ae01f63707232afccca770ee61cbb205491c02",
    "high_speed_rail": true,
    "entanglement_group": "base_144_cluster",
    "free_will_assigned": false
  },
  "replication_factor": 144,
  "created_at": "2026-01-27T10:06:28-08:00",
  "phase": "base_creation"
}
