{
  "wallet_id": "base_144_23",
  "quantum_signature": "d15440dc237f99918f27828d38f233e4d7d53c062758b02968628c1d6e0f211b",
  "private_key": "440b0531e827c32d16531541439c6da5c8b88e49e8e39813892d1ea88f8855f5",
  "public_key": "",
  "address": "0x59dd7525784443614c9262d9777ef4da0d15f1e1",
  "sovereignty_layer": {
    "individual_security": true,
    "quantum_resonance": "a70c3934af0c686e679fcb596b352571fc6b2e7331a826611cce42bd813f5676",
    "high_speed_rail": true,
    "entanglement_group": "base_144_cluster",
    "free_will_assigned": false
  },
  "replication_factor": 144,
  "created_at": "2026-01-27T10:06:27-08:00",
  "phase": "base_creation"
}
