{
  "wallet_id": "base_144_68",
  "quantum_signature": "4a84f14edcbfa278a29625809c8f626c65e63c91c8ae1015a4f45a1441561521",
  "private_key": "455e5e98a7fdc46e5abf8812d00f3e821418945c36e6ed3655d3ca995231a62e",
  "public_key": "",
  "address": "0x132504bfa1fe58d26322579c08bd601812b0ec47",
  "sovereignty_layer": {
    "individual_security": true,
    "quantum_resonance": "745fb4d90a09b929c6004c40c67228d7781d0e5b5bc8dd1cc99c473da96ae7a1",
    "high_speed_rail": true,
    "entanglement_group": "base_144_cluster",
    "free_will_assigned": false
  },
  "replication_factor": 144,
  "created_at": "2026-01-27T10:06:28-08:00",
  "phase": "base_creation"
}
