{
  "wallet_id": "base_144_1",
  "quantum_signature": "3550e655b6a28d9067e9c53c646383f93261c462baa2fc1f31bed8c7efd3ac70",
  "private_key": "ee6fc754b21e65f6f04e0ff7aa8c0de26c96fbc1794e1a39b8e6fa56e919173a",
  "public_key": "",
  "address": "0x4c8e9b56ef98da2dc8a4407dd54d0fe32ce594ae",
  "sovereignty_layer": {
    "individual_security": true,
    "quantum_resonance": "5e19b503f47772f43835ce04545f138b115cbe70f24f080943382c4e0af7adcc",
    "high_speed_rail": true,
    "entanglement_group": "base_144_cluster",
    "free_will_assigned": false
  },
  "replication_factor": 144,
  "created_at": "2026-01-27T10:06:26-08:00",
  "phase": "base_creation"
}
