{
  "wallet_id": "base_144_64",
  "quantum_signature": "a72f377de2f806f435b39c198acbcbe2fdf1e0b05d27cf9f76595a1b62e0adbe",
  "private_key": "4ccabe418cd67cea7e5cf8664bcbb433619cb56f9f015b4794c0d39a82070893",
  "public_key": "",
  "address": "0x709c9d56a154c899cd9b150ee1fb80f824ba6701",
  "sovereignty_layer": {
    "individual_security": true,
    "quantum_resonance": "7c43db3ac53cab259d578c4d288ec73394e2986a0f4e7fa50cedccfb0fd28fae",
    "high_speed_rail": true,
    "entanglement_group": "base_144_cluster",
    "free_will_assigned": false
  },
  "replication_factor": 144,
  "created_at": "2026-01-27T10:06:28-08:00",
  "phase": "base_creation"
}
