{
  "wallet_id": "base_144_21",
  "quantum_signature": "b8e416ee23c89eacd69ad7dffb378ea9937d07388c5548862326e0edbf144560",
  "private_key": "a383fe924ff159fab0b3c1d3d9745c96b0b69ee6453767a773744b11e7d51b82",
  "public_key": "",
  "address": "0xb75a82b39f5ffbf768555d7bb6471e39d04b161e",
  "sovereignty_layer": {
    "individual_security": true,
    "quantum_resonance": "6c4355173f5a6ebceddcd1c7fa2e6e9ef36a0f5d4ad16f8e8723724dbad5bb3a",
    "high_speed_rail": true,
    "entanglement_group": "base_144_cluster",
    "free_will_assigned": false
  },
  "replication_factor": 144,
  "created_at": "2026-01-27T10:06:27-08:00",
  "phase": "base_creation"
}
