{
  "wallet_id": "base_144_46",
  "quantum_signature": "3a8ff8be9e6a0889b012ee88f7e57ad4a36a2a41dcf5ee0b77896bffa8e00e98",
  "private_key": "3c91cb524d62089d2ba233d22d717a68d6c3e4aaed7c8519767c1e8f70658529",
  "public_key": "",
  "address": "0xd1c20ffd877ba1d445a4295d3adcee563496e8a3",
  "sovereignty_layer": {
    "individual_security": true,
    "quantum_resonance": "83dd2fef53abca03d50e4f4934d62b06c0bbfb8a7d16da33bdc306fb10fdc0c9",
    "high_speed_rail": true,
    "entanglement_group": "base_144_cluster",
    "free_will_assigned": false
  },
  "replication_factor": 144,
  "created_at": "2026-01-27T10:06:28-08:00",
  "phase": "base_creation"
}
