{
  "wallet_id": "base_144_79",
  "quantum_signature": "d07237a6bacfb6cfcb6d826377b8f055557597fc92908778d789e3aadc4e467f",
  "private_key": "7ccf832df06e0b94737c67dc85212da96f3342ab92cfc70482f7447a6354b5b1",
  "public_key": "",
  "address": "0x2509cf38fefd361bd0f40dc440f87418219a9e58",
  "sovereignty_layer": {
    "individual_security": true,
    "quantum_resonance": "7f64cdedeba03369c3dc6735391ce825a9f97f565c14c9c175b23248a6b07d4a",
    "high_speed_rail": true,
    "entanglement_group": "base_144_cluster",
    "free_will_assigned": false
  },
  "replication_factor": 144,
  "created_at": "2026-01-27T10:06:29-08:00",
  "phase": "base_creation"
}
