{
  "wallet_id": "base_144_89",
  "quantum_signature": "90f90840f19879187e79c12568111d0f2eb9d50b2a9afa18909f5710d6f54a50",
  "private_key": "8759616c7953d5c6b7aa5560f0b01fd697da9935585ff09262d29f5f20000490",
  "public_key": "",
  "address": "0x4dcf21bb78f1632ecf504d57c81b825e5b64022a",
  "sovereignty_layer": {
    "individual_security": true,
    "quantum_resonance": "1b257ab01908bbbdc7e91a2d3e26236ed2007a1e8fc7190b40b6129e9aecc77a",
    "high_speed_rail": true,
    "entanglement_group": "base_144_cluster",
    "free_will_assigned": false
  },
  "replication_factor": 144,
  "created_at": "2026-01-27T10:06:29-08:00",
  "phase": "base_creation"
}
