{
  "wallet_id": "base_144_37",
  "quantum_signature": "1c1a77b7b5a1114a04d17bbf7422e148387f56daaf8cb08ac141da848894b06a",
  "private_key": "9b93068a9f95968ebcd2c87e106721d0ab68b1b4298de82c0b03d02f549ee4f7",
  "public_key": "",
  "address": "0x1d0eb94ca90cf6686d28373df9b217267fd017fc",
  "sovereignty_layer": {
    "individual_security": true,
    "quantum_resonance": "9bedda13e83a11f92e03885e0f9c937eb133d1d0355eaa1169a5f5647371d8e6",
    "high_speed_rail": true,
    "entanglement_group": "base_144_cluster",
    "free_will_assigned": false
  },
  "replication_factor": 144,
  "created_at": "2026-01-27T10:06:27-08:00",
  "phase": "base_creation"
}
