{
  "wallet_id": "base_144_133",
  "quantum_signature": "5b4ed4166e449fbd6159511fa5e5b57208446861517bb00f75103545748a8420",
  "private_key": "0df849d089bb9dcf88060203621186984774c661677c8127945a020a2391a1da",
  "public_key": "",
  "address": "0xb6f75ffd682fd84ff86e67f9317da62db806aef6",
  "sovereignty_layer": {
    "individual_security": true,
    "quantum_resonance": "f2e03f9e130357e5988539f578f6ea61a6f716265c6b5e3cb078db8b99297d9c",
    "high_speed_rail": true,
    "entanglement_group": "base_144_cluster",
    "free_will_assigned": false
  },
  "replication_factor": 144,
  "created_at": "2026-01-27T10:06:31-08:00",
  "phase": "base_creation"
}
