{
  "wallet_id": "base_144_123",
  "quantum_signature": "63d98a11e96c22b30c5e6681cdad30c18d7a5a8e7b86a53d66c3b562efa0b529",
  "private_key": "a79704e68abad70909b4dd33cc5e1bc12c9dd95cfe38a38761b5838bdc31732c",
  "public_key": "",
  "address": "0xc215ac8cfa0f5054cb6001dce647528007e2e04c",
  "sovereignty_layer": {
    "individual_security": true,
    "quantum_resonance": "75ea1afd3fcd9209f0848b25198929b305904123b4aed6a858091c6ed59e118a",
    "high_speed_rail": true,
    "entanglement_group": "base_144_cluster",
    "free_will_assigned": false
  },
  "replication_factor": 144,
  "created_at": "2026-01-27T10:06:30-08:00",
  "phase": "base_creation"
}
