{
  "wallet_id": "base_144_102",
  "quantum_signature": "ec894c2c62af33ed1e4489f612846b922217feffdd17db4646fa1ac6e85ac940",
  "private_key": "ff4d980236f90b1373ebbdc05c6d3dc30cb692fed4bd86984a0cf631b277d1ef",
  "public_key": "",
  "address": "0x5376b18119f900fffd7f3175a848258548752d4e",
  "sovereignty_layer": {
    "individual_security": true,
    "quantum_resonance": "5cf2ad085b2f0aba75d232d0a75bf8c723c03c90b9e67c5bf7bc4012f426df8d",
    "high_speed_rail": true,
    "entanglement_group": "base_144_cluster",
    "free_will_assigned": false
  },
  "replication_factor": 144,
  "created_at": "2026-01-27T10:06:30-08:00",
  "phase": "base_creation"
}
