{
  "wallet_id": "base_144_108",
  "quantum_signature": "0be9b8b4e2ccbdddd1760e5a39888bc8c66ea86d4f99034b954d9ab545fb05fb",
  "private_key": "ba77e71611b6d31f19a501d258d6caa0e7e29b3f3ec196e0e1d14d7268d3beda",
  "public_key": "",
  "address": "0x478719ce4e4c1e13bb5a5f9ed66afe87dd1279cb",
  "sovereignty_layer": {
    "individual_security": true,
    "quantum_resonance": "a0e0bd880949b7b7d376c6263a20ec5f5d02610394f2d0d47cf14524dedf9386",
    "high_speed_rail": true,
    "entanglement_group": "base_144_cluster",
    "free_will_assigned": false
  },
  "replication_factor": 144,
  "created_at": "2026-01-27T10:06:30-08:00",
  "phase": "base_creation"
}
