{
  "wallet_id": "base_144_84",
  "quantum_signature": "96f2f7dece72dadc1e9985e07101287ac05e0d1d90fd5916cd750fb592fd1b9c",
  "private_key": "656e374decd4e53d4ff8458a0f3913d4d52e665435d4f5bc1e8b283026a7896b",
  "public_key": "",
  "address": "0x35a020fbfe490cd14843b7b37d425c96e01b8624",
  "sovereignty_layer": {
    "individual_security": true,
    "quantum_resonance": "186d864f8d66bef68f7c1236aa5abbf7146fbe36be1af58d4bf0d6e7e539b7ef",
    "high_speed_rail": true,
    "entanglement_group": "base_144_cluster",
    "free_will_assigned": false
  },
  "replication_factor": 144,
  "created_at": "2026-01-27T10:06:29-08:00",
  "phase": "base_creation"
}
