{
  "wallet_id": "base_144_129",
  "quantum_signature": "42fa81c4eeea0b9c0a4555efeca24301582d52b915db9009cf3fddb7be2452eb",
  "private_key": "e63f1742f510d3f30a4945fcb363c0f6c9aa013206d7a66b8dd490acb8a51216",
  "public_key": "",
  "address": "0x89b77da3e7d8381ca6d9eba3ab244d2b2028dd26",
  "sovereignty_layer": {
    "individual_security": true,
    "quantum_resonance": "c46d4360006f34ad18435e8093090fae98deca9ea4da3f395912e3dc449d863c",
    "high_speed_rail": true,
    "entanglement_group": "base_144_cluster",
    "free_will_assigned": false
  },
  "replication_factor": 144,
  "created_at": "2026-01-27T10:06:31-08:00",
  "phase": "base_creation"
}
