{
  "wallet_id": "base_144_5",
  "quantum_signature": "d5ed5cd060f53e3cf23630204759110cc9ee8d65a6b533b648e0319eaa32e61c",
  "private_key": "65e07c2bcb79dab4e9e430b519414a8bad251d888a00b0105322cda0694d55fb",
  "public_key": "",
  "address": "0x6251a93548f383e017ce61ae17b36094a0ac86bf",
  "sovereignty_layer": {
    "individual_security": true,
    "quantum_resonance": "e48501174f00d82db139f9f80f82aa9d186b573e2665e7e573434be23a0fd083",
    "high_speed_rail": true,
    "entanglement_group": "base_144_cluster",
    "free_will_assigned": false
  },
  "replication_factor": 144,
  "created_at": "2026-01-27T10:06:26-08:00",
  "phase": "base_creation"
}
