{
  "wallet_id": "base_144_80",
  "quantum_signature": "4fb3691118da543bef134e04da6044f22c6f09e0f3bfaa739b7ce4121b467fd2",
  "private_key": "bc6bec0c2720775b5ccbb2859ff532631093ea0b1755a833daf24bc067e4dbde",
  "public_key": "",
  "address": "0x43797d2605ec65ec902e64d1c2f805802f7eaaac",
  "sovereignty_layer": {
    "individual_security": true,
    "quantum_resonance": "01c0a6240b8541b0638f800dc53636982b6a87c13ef442d2c81f97426c0716cc",
    "high_speed_rail": true,
    "entanglement_group": "base_144_cluster",
    "free_will_assigned": false
  },
  "replication_factor": 144,
  "created_at": "2026-01-27T10:06:29-08:00",
  "phase": "base_creation"
}
