{
  "wallet_id": "base_144_55",
  "quantum_signature": "e6cf2e9b570e0901cb51255b2fc8803d58168ed1436ebc485decfb74df94d166",
  "private_key": "668f9eb265ae3902e247cfeaa8756117388ae94f625651818ce5dc7a11a04f16",
  "public_key": "",
  "address": "0x03e5c86eaa8676199e34954448d0d678a2566b02",
  "sovereignty_layer": {
    "individual_security": true,
    "quantum_resonance": "b387908a03218f3c4689dfe06a70ef703bca193494b87fcc849ecefe2b618001",
    "high_speed_rail": true,
    "entanglement_group": "base_144_cluster",
    "free_will_assigned": false
  },
  "replication_factor": 144,
  "created_at": "2026-01-27T10:06:28-08:00",
  "phase": "base_creation"
}
