{
  "wallet_id": "base_144_70",
  "quantum_signature": "4073efad3c8aa1cc411e501bf96984d167609a29afe23053395d941907c5d824",
  "private_key": "9cb84bf8a9d2d7f35a7703b3a82fbaa120f16d6de58333f00553b0b016eb59c0",
  "public_key": "",
  "address": "0x58c25e2f153f19081e6ba1dd1df6952a7382ed65",
  "sovereignty_layer": {
    "individual_security": true,
    "quantum_resonance": "ed89c2a9d1b318006aec20c3f2da580d3b7f09f84918abe59436654d121945b0",
    "high_speed_rail": true,
    "entanglement_group": "base_144_cluster",
    "free_will_assigned": false
  },
  "replication_factor": 144,
  "created_at": "2026-01-27T10:06:28-08:00",
  "phase": "base_creation"
}
