{
  "wallet_id": "base_144_42",
  "quantum_signature": "75e6f10f3f043a324a6d5ae56e70ea132bee7f9a8bd62f283fe376f2ae778b80",
  "private_key": "a9b1bf66e8a17213ab52d387a59758bfc17e952d875a1ced7beb882703921c48",
  "public_key": "",
  "address": "0x9a780fc6ed55a5ebd381e15f890488b5ddc4b889",
  "sovereignty_layer": {
    "individual_security": true,
    "quantum_resonance": "294ae39826491318776fda5f437a7baf8845e48a6680933e0884944b71ca3e77",
    "high_speed_rail": true,
    "entanglement_group": "base_144_cluster",
    "free_will_assigned": false
  },
  "replication_factor": 144,
  "created_at": "2026-01-27T10:06:27-08:00",
  "phase": "base_creation"
}
