{
  "wallet_id": "base_144_19",
  "quantum_signature": "298dce84dd272cd81e7c85d55deca7e1c948a2aaa70209881e4746cc8a82ef0c",
  "private_key": "ad9b23f1ecf84e412ed4b519520fda688e7e8401ed56d18b8cfb6ddc4b750bca",
  "public_key": "",
  "address": "0x4a6b40f789ddbedbd60f6a9e78991db34c2c52f7",
  "sovereignty_layer": {
    "individual_security": true,
    "quantum_resonance": "13ce051bd9685a0eb2c0103b76b735ce0913b606fda0d7cedb3e8b78cd74e8c7",
    "high_speed_rail": true,
    "entanglement_group": "base_144_cluster",
    "free_will_assigned": false
  },
  "replication_factor": 144,
  "created_at": "2026-01-27T10:06:26-08:00",
  "phase": "base_creation"
}
