{
  "wallet_id": "base_144_48",
  "quantum_signature": "dfca0da436c512feffc15fab429d20b23fe5f1d269f4473728df7564688990ac",
  "private_key": "63591c8c299a6dabfea61de78370f2215be4fbf8b0ed6c7ae19aaf2eabde0c4a",
  "public_key": "",
  "address": "0x1c131cd80048e1787d553c61f705f999faf2c9b9",
  "sovereignty_layer": {
    "individual_security": true,
    "quantum_resonance": "e56fcd4c025dfdb0bcd38a34db98a1fdaf43504ec6bd5be03d8da5ecd9cfb65c",
    "high_speed_rail": true,
    "entanglement_group": "base_144_cluster",
    "free_will_assigned": false
  },
  "replication_factor": 144,
  "created_at": "2026-01-27T10:06:28-08:00",
  "phase": "base_creation"
}
