{
  "wallet_id": "base_144_11",
  "quantum_signature": "e7216bb312bff25e6f670c7ab8567c4c7d6e5aafba5703f6c8b6f5fa20324658",
  "private_key": "c09b18bdd73febdabff272320eda3473c2f5a683bd1e7ddd3c1d4375425655a2",
  "public_key": "",
  "address": "0x98fa2fff8c83e9257d9d3c91532604f8042e5c20",
  "sovereignty_layer": {
    "individual_security": true,
    "quantum_resonance": "2887140cf185a914f65022a60fef845b72f22248b682a5f433113f3cf40ed661",
    "high_speed_rail": true,
    "entanglement_group": "base_144_cluster",
    "free_will_assigned": false
  },
  "replication_factor": 144,
  "created_at": "2026-01-27T10:06:26-08:00",
  "phase": "base_creation"
}
