{
  "wallet_id": "base_144_137",
  "quantum_signature": "0ecb30d37c4bd00b074befdf883854591dac7c49c33b040651c115b502faec4a",
  "private_key": "cb6358901c9601e02b83a3dd251a619ff7eda41c99192f3994757b12732afa86",
  "public_key": "",
  "address": "0x7e8c637e2b86c269bfaef140a81e625c265b9bf5",
  "sovereignty_layer": {
    "individual_security": true,
    "quantum_resonance": "a4f1f2cbf9a705ce41e7ccc2d15b810dcc0a03845e7cb4217551c3d68fdc0ea8",
    "high_speed_rail": true,
    "entanglement_group": "base_144_cluster",
    "free_will_assigned": false
  },
  "replication_factor": 144,
  "created_at": "2026-01-27T10:06:31-08:00",
  "phase": "base_creation"
}
