{
  "wallet_id": "base_144_61",
  "quantum_signature": "465a1c9333ff055ff169d3ae16a0e04074758947e20a6a83b346d702825006d1",
  "private_key": "63cebff37654916bb4f1c20141aa4b763b4bb9d681743cc200dab606f65733e8",
  "public_key": "",
  "address": "0xbda01e8ba06ad4f6b8b8300a26ea929904649773",
  "sovereignty_layer": {
    "individual_security": true,
    "quantum_resonance": "6a79d51abd36cf33f3415bf1bcf04543a73de8ae8912f8c806e8269c74d1dc66",
    "high_speed_rail": true,
    "entanglement_group": "base_144_cluster",
    "free_will_assigned": false
  },
  "replication_factor": 144,
  "created_at": "2026-01-27T10:06:28-08:00",
  "phase": "base_creation"
}
