{
  "wallet_id": "base_144_78",
  "quantum_signature": "a11fd1d3d72e3bb17e2f1a53945afdf8034ec5f8d09d99e8717ede86b63a3db6",
  "private_key": "209701a797f66958802268ebe1ec35c8bbe1b958d4331455c95c2516309df93b",
  "public_key": "",
  "address": "0x107fc0d3e9d00a776f4f0a03a4d6bcc9b349ba8c",
  "sovereignty_layer": {
    "individual_security": true,
    "quantum_resonance": "1a4808d57ed5f57730a236d35870fd7c7e0a44ad9801bc513a748b8ab6659bb7",
    "high_speed_rail": true,
    "entanglement_group": "base_144_cluster",
    "free_will_assigned": false
  },
  "replication_factor": 144,
  "created_at": "2026-01-27T10:06:29-08:00",
  "phase": "base_creation"
}
