{
  "wallet_id": "base_144_12",
  "quantum_signature": "fb000930add8af7cbc3b9638ecdd447b88c9c0a1ae173078ce28a9a28bfe19b4",
  "private_key": "16f72edf4d0f33de2b59634d3f98445bac893c34aab80f2708637dd5017ac7eb",
  "public_key": "",
  "address": "0xb07c41db306d1c6f0aad1bb2274b119788596813",
  "sovereignty_layer": {
    "individual_security": true,
    "quantum_resonance": "5f188d81c1cf9a69ca292af66798866ff393c3dd37f04a381c05b656f3b3aa22",
    "high_speed_rail": true,
    "entanglement_group": "base_144_cluster",
    "free_will_assigned": false
  },
  "replication_factor": 144,
  "created_at": "2026-01-27T10:06:26-08:00",
  "phase": "base_creation"
}
