{
  "wallet_id": "base_144_43",
  "quantum_signature": "456f0e0dd171e70f1e728a9871b890bdc4a68a26dfe960d5a76abfbe86f49c10",
  "private_key": "03de5c3ee505de29dca89367162f42a0d0483c8968ccdf8dbba16a8e84d0f0c7",
  "public_key": "",
  "address": "0x06fe6913847f06680954d1dfbe969cb315d3769f",
  "sovereignty_layer": {
    "individual_security": true,
    "quantum_resonance": "06ee9382145e12a253f5016c991d7dd3dde7eb65fc62aa516966062000ac1e0a",
    "high_speed_rail": true,
    "entanglement_group": "base_144_cluster",
    "free_will_assigned": false
  },
  "replication_factor": 144,
  "created_at": "2026-01-27T10:06:27-08:00",
  "phase": "base_creation"
}
