{
  "wallet_id": "base_144_138",
  "quantum_signature": "47d673c1358f755f2a934ef1397cd36bfe8d46d630041d09fc1f5fc17f439d4d",
  "private_key": "b08b76bbfd93b8cdc569fb6539936b47bdc5df067234b4b827ae8727e1046344",
  "public_key": "",
  "address": "0xd7e9a39e1ce3055e65f99d117b35b61a7e9b809c",
  "sovereignty_layer": {
    "individual_security": true,
    "quantum_resonance": "bd72f37c8d4505937f42a6dff16dac4a960e202d201922b812f9d1ee69c02ca7",
    "high_speed_rail": true,
    "entanglement_group": "base_144_cluster",
    "free_will_assigned": false
  },
  "replication_factor": 144,
  "created_at": "2026-01-27T10:06:31-08:00",
  "phase": "base_creation"
}
