{
  "wallet_id": "base_144_90",
  "quantum_signature": "fd13fff590df918fc8b325b87867e98c6e980d235a80f6ac70e9e3b40fadcab0",
  "private_key": "f097e290e041ab1b5b7e919320aa251d0680bd55d433b59d68211234df46572c",
  "public_key": "",
  "address": "0xc7d74c6f06db5b1bf0d8f5aa868528ec16942bff",
  "sovereignty_layer": {
    "individual_security": true,
    "quantum_resonance": "de063109580a58460d79e98713eea08822111ad94715bd8f489c86ed965b5b93",
    "high_speed_rail": true,
    "entanglement_group": "base_144_cluster",
    "free_will_assigned": false
  },
  "replication_factor": 144,
  "created_at": "2026-01-27T10:06:29-08:00",
  "phase": "base_creation"
}
