{
  "wallet_id": "base_144_58",
  "quantum_signature": "384a629cfdf00f4353df0c5772e3b5817cf3c8328e21d3a8d28cf3ace840847c",
  "private_key": "34fe4b84b6de05aaa70bfcdcd242ae03281b0f006eb7ce1f312c9a3fd398444f",
  "public_key": "",
  "address": "0x741ba0619377f5781ff9d06f7193b17271533d6c",
  "sovereignty_layer": {
    "individual_security": true,
    "quantum_resonance": "12fa133aeba3f7f297a51f33226b444b4501b1e79a36d9ab9c1c02f81ddd3a30",
    "high_speed_rail": true,
    "entanglement_group": "base_144_cluster",
    "free_will_assigned": false
  },
  "replication_factor": 144,
  "created_at": "2026-01-27T10:06:28-08:00",
  "phase": "base_creation"
}
