{
  "wallet_id": "base_144_77",
  "quantum_signature": "126acb15e166e2977f57c2b909344fbaa72fe801c8f741c6fb8d43c655f61422",
  "private_key": "db622bee7cb9ce295ade22f9e0efd05cd244c150e8be8d0b4d58ff8ebbc808ed",
  "public_key": "",
  "address": "0x241f77f304536c3b6f80bc895ed7e67ca05d15d6",
  "sovereignty_layer": {
    "individual_security": true,
    "quantum_resonance": "513805acbb0caa74d535f9c47b749e9d5ecc426a4124ca1bd95c008afe09f4ed",
    "high_speed_rail": true,
    "entanglement_group": "base_144_cluster",
    "free_will_assigned": false
  },
  "replication_factor": 144,
  "created_at": "2026-01-27T10:06:29-08:00",
  "phase": "base_creation"
}
