{
  "wallet_id": "base_144_71",
  "quantum_signature": "e90a02d3d3074c961948b74cc887578d47e0ac311497aeca1d851045106140bf",
  "private_key": "28ff19090643b4e071bebb76646131c662654c1a13934cbbdf443a37b192840b",
  "public_key": "",
  "address": "0xa79bcc86b8716ccdf0c7af3a212917798e4f43ad",
  "sovereignty_layer": {
    "individual_security": true,
    "quantum_resonance": "989923c59f8e3bc1bcc7ff3b29249016eb4cea06f53eb1d03934652812025931",
    "high_speed_rail": true,
    "entanglement_group": "base_144_cluster",
    "free_will_assigned": false
  },
  "replication_factor": 144,
  "created_at": "2026-01-27T10:06:28-08:00",
  "phase": "base_creation"
}
