{
  "wallet_id": "base_144_121",
  "quantum_signature": "6bfaf607dfcdbd15b0836b33d68fb3d31ec4ffc0168ab5289293f7211f6a7eb1",
  "private_key": "19d9cf05eadbd845ff89fbe377dd899553f11972a009f781f794cbdf7dd079b3",
  "public_key": "",
  "address": "0x1642c02ec0eef18fc3a1b903a153e5863cd4ec33",
  "sovereignty_layer": {
    "individual_security": true,
    "quantum_resonance": "7672d266771aa14aa0ef0125594fd4132ee06f19dd01271f6424a2bdaa604d7a",
    "high_speed_rail": true,
    "entanglement_group": "base_144_cluster",
    "free_will_assigned": false
  },
  "replication_factor": 144,
  "created_at": "2026-01-27T10:06:30-08:00",
  "phase": "base_creation"
}
