{
  "wallet_id": "base_144_45",
  "quantum_signature": "823ebf26dbf74434ec06e30aba0121779723244da91f5d3c194228782a61c51d",
  "private_key": "9a63718d2f71b7c73d73d9889e8b72c9e0de6a1db7e45a01172de10e726430ff",
  "public_key": "",
  "address": "0xf4720dd2e6096d6a09ec9e1957fca996133c7b8a",
  "sovereignty_layer": {
    "individual_security": true,
    "quantum_resonance": "368328412ce8b49e3859bc9140dc4b381877d647e2833cd60b23ff9b22e77331",
    "high_speed_rail": true,
    "entanglement_group": "base_144_cluster",
    "free_will_assigned": false
  },
  "replication_factor": 144,
  "created_at": "2026-01-27T10:06:27-08:00",
  "phase": "base_creation"
}
