{
  "wallet_id": "base_144_24",
  "quantum_signature": "327703216ec7ba7339c1776ada8121ff841b64823fc08cdc34a496b0c63dc489",
  "private_key": "51d127d7a1d8efe0b7dbdb69de799f85496aba4896d7d6aa392881bda879d522",
  "public_key": "",
  "address": "0xf42254f0e94af86dfa8e509d9a657fcbee969b9a",
  "sovereignty_layer": {
    "individual_security": true,
    "quantum_resonance": "5b70d80b6f55b005805a065ab5c13c7377317b7541b49d026a08f7d677b0abab",
    "high_speed_rail": true,
    "entanglement_group": "base_144_cluster",
    "free_will_assigned": false
  },
  "replication_factor": 144,
  "created_at": "2026-01-27T10:06:27-08:00",
  "phase": "base_creation"
}
