{
  "wallet_id": "base_144_56",
  "quantum_signature": "230b821834bf9ef545a9ae2e396316bba0d0b373712b7662209c4b7ae98699ad",
  "private_key": "b266c4a06417a315d9480a0112441ec8fc03811a6db50453a42f9e42f6d95b57",
  "public_key": "",
  "address": "0x6da69b0f2bcf8fc9d64a9f3ac81c36c2d35b3e9a",
  "sovereignty_layer": {
    "individual_security": true,
    "quantum_resonance": "63d60b8717e627c2da0c4360359be0086daa8ecdad114b705011b6cffe2fcde9",
    "high_speed_rail": true,
    "entanglement_group": "base_144_cluster",
    "free_will_assigned": false
  },
  "replication_factor": 144,
  "created_at": "2026-01-27T10:06:28-08:00",
  "phase": "base_creation"
}
