{
  "wallet_id": "base_144_57",
  "quantum_signature": "49875374c4d7e49324f8ff8c34a4ddd1e7b6dcab92a581c92df0ed07b9cbca6d",
  "private_key": "a18f2aa742f8b58fa0b1f6fc9a1999aa7d9d32fe6ac7ccca060e237a3c48f408",
  "public_key": "",
  "address": "0x8d66a711bb097e50adc43df75e579ae6bd0b4405",
  "sovereignty_layer": {
    "individual_security": true,
    "quantum_resonance": "359142341520fbc8f98ea0fd6d45b0b2fed017b0c02911749d450e5ac94fb5e8",
    "high_speed_rail": true,
    "entanglement_group": "base_144_cluster",
    "free_will_assigned": false
  },
  "replication_factor": 144,
  "created_at": "2026-01-27T10:06:28-08:00",
  "phase": "base_creation"
}
