{
  "wallet_id": "base_144_88",
  "quantum_signature": "df1a5233703fcb40c772a10d11b5153c5086414b173b347bf704680cb6e748a1",
  "private_key": "8dd3d00c393d5f8ab91af84218b1a8de0da2420c3096f3033d65315287506dec",
  "public_key": "",
  "address": "0x2d46e29e41a254660a6226a1a2f7f0fe3e2f6cb5",
  "sovereignty_layer": {
    "individual_security": true,
    "quantum_resonance": "0debc4ac52dde43369cbe06d70956a146e7e9a31ecb36feccc208feb4adcbb49",
    "high_speed_rail": true,
    "entanglement_group": "base_144_cluster",
    "free_will_assigned": false
  },
  "replication_factor": 144,
  "created_at": "2026-01-27T10:06:29-08:00",
  "phase": "base_creation"
}
