{
  "wallet_id": "base_144_7",
  "quantum_signature": "2424610cbb4312390bf4bf81ec00f57d05b4c4e55c05916da05824714d64c43c",
  "private_key": "a11990c592fc055cd6e9814cc0dc335cd09f2489979418b975a29e5ca82b48b3",
  "public_key": "",
  "address": "0xdfa394c13379e4dc19665fdf24ee1f72de47ac31",
  "sovereignty_layer": {
    "individual_security": true,
    "quantum_resonance": "4b0876e874132165dde4b4db9ff78f797a42a7d8d8a10148f0ad8cc2f97e5267",
    "high_speed_rail": true,
    "entanglement_group": "base_144_cluster",
    "free_will_assigned": false
  },
  "replication_factor": 144,
  "created_at": "2026-01-27T10:06:26-08:00",
  "phase": "base_creation"
}
