{
  "wallet_id": "base_144_38",
  "quantum_signature": "5ed56ed83b515ea350200de0daa6ce71ba777695b4a93b98f1764515e5d11ab9",
  "private_key": "6e6f195b211ece32527b4d8346973374d747a84d644b4388794625d5b95315b7",
  "public_key": "",
  "address": "0xc8cc53af3480618275cac72c2600e914e6bf6f6a",
  "sovereignty_layer": {
    "individual_security": true,
    "quantum_resonance": "0a157e61e2961befa6baef5eae5ea318863d7da3b3f8971a0f3a7aa531bdbd72",
    "high_speed_rail": true,
    "entanglement_group": "base_144_cluster",
    "free_will_assigned": false
  },
  "replication_factor": 144,
  "created_at": "2026-01-27T10:06:27-08:00",
  "phase": "base_creation"
}
