{
  "wallet_id": "base_144_31",
  "quantum_signature": "36c78fcace2da711300adf347bced491ccc38db7c23c71a70c6063d6a83f54b3",
  "private_key": "9ba4a231256157e41c3eaaa503b526172fbe41da762ce8274c45e8cb5c0b8342",
  "public_key": "",
  "address": "0x91f69f74340f6d217d7e17c633e50c874dae8acb",
  "sovereignty_layer": {
    "individual_security": true,
    "quantum_resonance": "fe9abf22bd3828a7a8a436afb13a5e299c32c99466d3533552bbe6273463d087",
    "high_speed_rail": true,
    "entanglement_group": "base_144_cluster",
    "free_will_assigned": false
  },
  "replication_factor": 144,
  "created_at": "2026-01-27T10:06:27-08:00",
  "phase": "base_creation"
}
