{
  "wallet_id": "base_144_143",
  "quantum_signature": "2a76e4018660daa2a4287d03261127b5a22e52786bb141ceee1e308375a36e81",
  "private_key": "115c69d487e29024c26f30295860e6d1b4d196b74dc3cf376e3b435f7399ec6a",
  "public_key": "",
  "address": "0xdc3c97109ae013ea2f2eac5fa95e89e35ce10c65",
  "sovereignty_layer": {
    "individual_security": true,
    "quantum_resonance": "95737c177dec4f600aecada05b5f4804820ef1bd9fd238918e8059e560c16b10",
    "high_speed_rail": true,
    "entanglement_group": "base_144_cluster",
    "free_will_assigned": false
  },
  "replication_factor": 144,
  "created_at": "2026-01-27T10:06:31-08:00",
  "phase": "base_creation"
}
