{
  "wallet_id": "base_144_3",
  "quantum_signature": "2d2c52a9c29722373de7e76fb299c6966080b1e687dc08769d7c89fda44f5f27",
  "private_key": "0808dd98d4699166eeb2092497ac2b4183b5e69403e46f336de1b3b0987db2f2",
  "public_key": "",
  "address": "0xd422fbfdfe8963987c4cb797271d73773dc616be",
  "sovereignty_layer": {
    "individual_security": true,
    "quantum_resonance": "a7c66aa247bc85b4cabe076cd173bd4cbee56e1d2b6e37dd2cabeb5849a31b33",
    "high_speed_rail": true,
    "entanglement_group": "base_144_cluster",
    "free_will_assigned": false
  },
  "replication_factor": 144,
  "created_at": "2026-01-27T10:06:26-08:00",
  "phase": "base_creation"
}
