{
  "wallet_id": "base_144_13",
  "quantum_signature": "40a0013fbf2feb94f738af52a999a1463d4eba3953ad90d17606635c3232ca89",
  "private_key": "8e83c8a4b17a0aa64d0447315742c40dfcea1e982c535bdd6e76faba7bb8a5ec",
  "public_key": "",
  "address": "0xf612e674663ba34b84f63626ed6e0a4bca845737",
  "sovereignty_layer": {
    "individual_security": true,
    "quantum_resonance": "72a0666f0d0e9c83814055370faf7b2efb46760730b3758ed00745418c40c14b",
    "high_speed_rail": true,
    "entanglement_group": "base_144_cluster",
    "free_will_assigned": false
  },
  "replication_factor": 144,
  "created_at": "2026-01-27T10:06:26-08:00",
  "phase": "base_creation"
}
