{
  "wallet_id": "base_144_111",
  "quantum_signature": "fc1899d1316560eced799dae0a3b2fd69fc9ac1dbd7f639b8195d408aca69369",
  "private_key": "61ad7e65b9c822134917432bd58ad159d531697b10bb219b9094621e95564db9",
  "public_key": "",
  "address": "0xde17fd1f2fc5d15c1568c61d270c83718953bd4e",
  "sovereignty_layer": {
    "individual_security": true,
    "quantum_resonance": "c923097cecd06b527b67265eb329fb0c75a164de31df6dd9409fb4f924902946",
    "high_speed_rail": true,
    "entanglement_group": "base_144_cluster",
    "free_will_assigned": false
  },
  "replication_factor": 144,
  "created_at": "2026-01-27T10:06:30-08:00",
  "phase": "base_creation"
}
