{
  "wallet_id": "base_144_110",
  "quantum_signature": "4a159d4c8fa5e9a3088598bd29beb07c439f2af3f3e169ca6da35abd961e49a6",
  "private_key": "bc392b762afb24aba979f1a0d4aff1b21eff6346fec70aff2f9396054d234b99",
  "public_key": "",
  "address": "0xdf7907ab3636d250cccd85b8c52906e52e6a8444",
  "sovereignty_layer": {
    "individual_security": true,
    "quantum_resonance": "38925c52372d5de7ae6de3aad8f680bd6b1d430cb1796ca1d9a3167860b1928c",
    "high_speed_rail": true,
    "entanglement_group": "base_144_cluster",
    "free_will_assigned": false
  },
  "replication_factor": 144,
  "created_at": "2026-01-27T10:06:30-08:00",
  "phase": "base_creation"
}
