{
  "wallet_id": "base_144_139",
  "quantum_signature": "5639ee72db09d16e54ef9b93a3b2aab96d2bc6e26ab493a1d24f14488cf38453",
  "private_key": "d174db9990881735976b6096e638c75fd1c23c860ed8e8b34bbeccf348f69896",
  "public_key": "",
  "address": "0x9d8b234f2b5071890fe1417512c122d1220cfb87",
  "sovereignty_layer": {
    "individual_security": true,
    "quantum_resonance": "fcd7583e2b5d54d28a11ee104ddde8443b609576d26b370a8eca3588cafbf94f",
    "high_speed_rail": true,
    "entanglement_group": "base_144_cluster",
    "free_will_assigned": false
  },
  "replication_factor": 144,
  "created_at": "2026-01-27T10:06:31-08:00",
  "phase": "base_creation"
}
