{
  "wallet_id": "base_144_9",
  "quantum_signature": "aac31aa72f630680201a35631850793422c0a3ee5eb83f59f30baac5b21673a0",
  "private_key": "0d404c41cbb19f209d0e4c6c72f30a371579a4d300ead99a2cece8bceabd1f7a",
  "public_key": "",
  "address": "0x63542ca78ccc6ee6df72593b17139051aa17797e",
  "sovereignty_layer": {
    "individual_security": true,
    "quantum_resonance": "ac7952ada432ba62a6393809eaf83ddcec3e1e240148a8fc3d9ab4867c6f96d0",
    "high_speed_rail": true,
    "entanglement_group": "base_144_cluster",
    "free_will_assigned": false
  },
  "replication_factor": 144,
  "created_at": "2026-01-27T10:06:26-08:00",
  "phase": "base_creation"
}
