{
  "wallet_id": "base_144_15",
  "quantum_signature": "39a6d1edf2ba2171c7f4e085e246196001b81e1ee83a63a3174df4b5b63a7e0f",
  "private_key": "21cc5343af58c2d7bfdb0ea0caa098a821ebea3e78442f685947170cd6eecc90",
  "public_key": "",
  "address": "0xcb8ef268145ded0a62ebe5d553e7fa657cc8d9bc",
  "sovereignty_layer": {
    "individual_security": true,
    "quantum_resonance": "60397309fcd72f027fdc0f446be1592779290fc3914aa37d28e881034abf6b9e",
    "high_speed_rail": true,
    "entanglement_group": "base_144_cluster",
    "free_will_assigned": false
  },
  "replication_factor": 144,
  "created_at": "2026-01-27T10:06:26-08:00",
  "phase": "base_creation"
}
