{
  "wallet_id": "base_144_115",
  "quantum_signature": "8808d01d9f4d5fb5f2a3ab3afa7391a42f331ebed6202f846624ad6db7ba287a",
  "private_key": "5e5adfcfd812a96d7473df9840b87899ede9840a9d2c84dc5961846fe4f69bb1",
  "public_key": "",
  "address": "0xb3ac4fd3fb2023f3f86910cde5f84224dc64afd8",
  "sovereignty_layer": {
    "individual_security": true,
    "quantum_resonance": "5f6e72f3b265e11e1c2836dc5ea37f3083440180941540b5e661dd378ecd8915",
    "high_speed_rail": true,
    "entanglement_group": "base_144_cluster",
    "free_will_assigned": false
  },
  "replication_factor": 144,
  "created_at": "2026-01-27T10:06:30-08:00",
  "phase": "base_creation"
}
