{
  "wallet_id": "base_144_120",
  "quantum_signature": "b9907c7b1b485267638aeb3ac215435f31168dbe7d67123ef1376502745a4aa5",
  "private_key": "2b536d077f8cad231c668dd8d0d8b5d8c8b0bb11cf9b337186f7318863c43055",
  "public_key": "",
  "address": "0x1711e25d07bb396b710aec2987de91fdd7c25b36",
  "sovereignty_layer": {
    "individual_security": true,
    "quantum_resonance": "71ec6e457360cda689e3423d9f68eb85f378693365616d9225782075b61d369e",
    "high_speed_rail": true,
    "entanglement_group": "base_144_cluster",
    "free_will_assigned": false
  },
  "replication_factor": 144,
  "created_at": "2026-01-27T10:06:30-08:00",
  "phase": "base_creation"
}
