{
  "wallet_id": "base_144_14",
  "quantum_signature": "366bc2cf2a7c4501b24685620d3f18f09737523795bad27e2557c2c97dd2f70b",
  "private_key": "418b3f110dd8cb03c15aaa2ddad8cbc537a205d1276b07faa95cb5ffe8d55f87",
  "public_key": "",
  "address": "0x1b7faa503ae8d73f0cd59edcf21d49fa7be4b117",
  "sovereignty_layer": {
    "individual_security": true,
    "quantum_resonance": "ca0fcccd590981e52c034738b46752ff5632ea9f951a26b05f4b9536b924243c",
    "high_speed_rail": true,
    "entanglement_group": "base_144_cluster",
    "free_will_assigned": false
  },
  "replication_factor": 144,
  "created_at": "2026-01-27T10:06:26-08:00",
  "phase": "base_creation"
}
