{
  "wallet_id": "base_144_116",
  "quantum_signature": "a4ea8677e965669aac266878c95e56d50b8163497b2307bdabada7bfb1d0406c",
  "private_key": "48438091fad18c20d828a4e0a71f9c01c8f46be3a8827694d0b5da514314eda4",
  "public_key": "",
  "address": "0x136ef8f00b791d696be8b765c0ee3567fc022cda",
  "sovereignty_layer": {
    "individual_security": true,
    "quantum_resonance": "b4cef6157e3cbadcb8dca06546db3fd84259967e231234b3881bc531b130a41c",
    "high_speed_rail": true,
    "entanglement_group": "base_144_cluster",
    "free_will_assigned": false
  },
  "replication_factor": 144,
  "created_at": "2026-01-27T10:06:30-08:00",
  "phase": "base_creation"
}
