{
  "wallet_id": "base_144_53",
  "quantum_signature": "a59c79f575ab29107eb650eb6ae8f6e0115fa5e2c44aa7748fed71111f9aa077",
  "private_key": "74428e0abc80467f0757e8bfedc0e13952fae196d20369eaf1fbbeed896db121",
  "public_key": "",
  "address": "0xf55576d83685e9be87235d280e54cf68ab46826b",
  "sovereignty_layer": {
    "individual_security": true,
    "quantum_resonance": "05ec24a94011165e11f2be7c04bdd729a157a0f5d9b5fbe3a7238e5f152de058",
    "high_speed_rail": true,
    "entanglement_group": "base_144_cluster",
    "free_will_assigned": false
  },
  "replication_factor": 144,
  "created_at": "2026-01-27T10:06:28-08:00",
  "phase": "base_creation"
}
