{
  "wallet_id": "base_144_8",
  "quantum_signature": "576c5bc41c4060f51dc57d18b240af6b84e8d0afc7b2779bac4f433af1420364",
  "private_key": "2d19d4f7bce9d2f16b5df7839e35821336ab85e67e4f43118881f76effb94577",
  "public_key": "",
  "address": "0x5d94f2c07618b3c30d0f80f75ea7cc1814f073f5",
  "sovereignty_layer": {
    "individual_security": true,
    "quantum_resonance": "f288dad0be69c40adcef9d9116386de7bc3cc820d41a664582a3558e418e11a1",
    "high_speed_rail": true,
    "entanglement_group": "base_144_cluster",
    "free_will_assigned": false
  },
  "replication_factor": 144,
  "created_at": "2026-01-27T10:06:26-08:00",
  "phase": "base_creation"
}
