{
  "wallet_id": "base_144_85",
  "quantum_signature": "1fd6939e94ff81c2ecad23823a6b3e977168c0e385386d94fef6cbbbaf0f08fe",
  "private_key": "3072920822ac550f268a8eeb85db5fa7f2e2cbf7da729cab3f22f23d42442bc9",
  "public_key": "",
  "address": "0xc5856b321a5395b3984fc6868266ea857aa3dd18",
  "sovereignty_layer": {
    "individual_security": true,
    "quantum_resonance": "a077d97d000dbd42de641e9432a834adef2d0d331af7bef3b1e9b692fbd289ad",
    "high_speed_rail": true,
    "entanglement_group": "base_144_cluster",
    "free_will_assigned": false
  },
  "replication_factor": 144,
  "created_at": "2026-01-27T10:06:29-08:00",
  "phase": "base_creation"
}
