{
  "wallet_id": "base_144_132",
  "quantum_signature": "9cf750229c04c182686d153dd61904a313913cbbf21fcc97a9864aff5c44d29a",
  "private_key": "f33abb738e7852518e40402837e1e885b40987ab849f3b66bca4606e038d8e44",
  "public_key": "",
  "address": "0x4bb117fcc876f83117d0275e24da4be001f7b845",
  "sovereignty_layer": {
    "individual_security": true,
    "quantum_resonance": "85d49e87ceac50cb4252ea9639104d42f4375b804a20642453197e5dc0859fe2",
    "high_speed_rail": true,
    "entanglement_group": "base_144_cluster",
    "free_will_assigned": false
  },
  "replication_factor": 144,
  "created_at": "2026-01-27T10:06:31-08:00",
  "phase": "base_creation"
}
