{
  "wallet_id": "base_144_103",
  "quantum_signature": "c9fdba97814128b32c72775250d6cf26a2ee5635629569206661cfdf05d307aa",
  "private_key": "cfa3ca6b5330172c8c7f8844f4f69d2f5611e8af3c730cd51b38f0490a5cb096",
  "public_key": "",
  "address": "0x5c258c35e9f14ef9a00fe1b866e6294281cffe14",
  "sovereignty_layer": {
    "individual_security": true,
    "quantum_resonance": "4e5e8746f71cc725712e822bcc3f3b12ad6a54dfdefc3fdccdd892abd8082cbd",
    "high_speed_rail": true,
    "entanglement_group": "base_144_cluster",
    "free_will_assigned": false
  },
  "replication_factor": 144,
  "created_at": "2026-01-27T10:06:30-08:00",
  "phase": "base_creation"
}
