{
  "wallet_id": "base_144_94",
  "quantum_signature": "b702b26dc379da7540b389638bfee77b9d8f6a5669c0aae02900a944c1451293",
  "private_key": "3aa6d3094318b579f46420b2f53d6e443626afcbd91ab30d734d7ed12c4f6b57",
  "public_key": "",
  "address": "0xa5ee3ef17c0fef9ce952e7f685ad47dd8ac22587",
  "sovereignty_layer": {
    "individual_security": true,
    "quantum_resonance": "eaa58ed4376788b7e859168fa0bf59df677e78b6eeaf64a69e6670eacee60bef",
    "high_speed_rail": true,
    "entanglement_group": "base_144_cluster",
    "free_will_assigned": false
  },
  "replication_factor": 144,
  "created_at": "2026-01-27T10:06:29-08:00",
  "phase": "base_creation"
}
