{
  "wallet_id": "base_144_22",
  "quantum_signature": "ddd105674bf112467470fdbe3e9d0a2a5588981025100231eb3034264c0d1724",
  "private_key": "b3d27dd0ea8d8617afe8105280de10b0c1ca919006582a93bc8d84ffff1ba9f4",
  "public_key": "",
  "address": "0x26bc000c3e2b016d116c0d5e5f1180288b79dcd0",
  "sovereignty_layer": {
    "individual_security": true,
    "quantum_resonance": "b79adec64e363d2b8ede301c15865c4a046b0e982b952c39b4b59f0c34bfc084",
    "high_speed_rail": true,
    "entanglement_group": "base_144_cluster",
    "free_will_assigned": false
  },
  "replication_factor": 144,
  "created_at": "2026-01-27T10:06:27-08:00",
  "phase": "base_creation"
}
