{
  "wallet_id": "base_144_27",
  "quantum_signature": "dee8254fa74bc63d017b8426405ddc4acc957146e16a522138920887a91ed51e",
  "private_key": "c2e5e9d1b1747fa0cd23fd0d5152df60fd3c3d4d1701028d7a93454f9b4ac94d",
  "public_key": "",
  "address": "0xb31e98dc5cceae517b69194ef201282c366395cd",
  "sovereignty_layer": {
    "individual_security": true,
    "quantum_resonance": "ff4972b286fde24acf4313ccdf2c4c25be505c7cb57e12e98a05916209e26998",
    "high_speed_rail": true,
    "entanglement_group": "base_144_cluster",
    "free_will_assigned": false
  },
  "replication_factor": 144,
  "created_at": "2026-01-27T10:06:27-08:00",
  "phase": "base_creation"
}
