{
  "wallet_id": "base_144_130",
  "quantum_signature": "75a3ea69d2d95ca6d9760a24cc34720732ed2ad67fbd99180b674a60463cd597",
  "private_key": "a831130f9a3bd4b238af89206353b0b0ebf5009525676fc74a9998ebd406bbbe",
  "public_key": "",
  "address": "0x0d52f21ef8de4d4f5a4ceabebdf50990841afbef",
  "sovereignty_layer": {
    "individual_security": true,
    "quantum_resonance": "d26d23dde8b43a872430ee759c11c88ed33f86d9f443f61155b391566683fa45",
    "high_speed_rail": true,
    "entanglement_group": "base_144_cluster",
    "free_will_assigned": false
  },
  "replication_factor": 144,
  "created_at": "2026-01-27T10:06:31-08:00",
  "phase": "base_creation"
}
