{
  "wallet_id": "base_144_32",
  "quantum_signature": "e1b3a6110213854a979e3ed35fc1d6f42b10a6a62318bd2d8d0ea7f175e7e29f",
  "private_key": "29bb6b932d84259160afaf542483019c74f0f40056dc53699fd43fe5b56dc396",
  "public_key": "",
  "address": "0xe3548b568eed309420b1253c0d5604363e4d19d4",
  "sovereignty_layer": {
    "individual_security": true,
    "quantum_resonance": "e34fd108598b64922bd173873cd037b52b618524802331c98d226b23fd163c5c",
    "high_speed_rail": true,
    "entanglement_group": "base_144_cluster",
    "free_will_assigned": false
  },
  "replication_factor": 144,
  "created_at": "2026-01-27T10:06:27-08:00",
  "phase": "base_creation"
}
