{
  "wallet_id": "base_144_49",
  "quantum_signature": "a35d799ae2a9772b882f4b619e95d2ce1519a3c54138cc66c7ae320e965ba86c",
  "private_key": "2c26b33ce3361c31f46eee6baae976270a9657dd5c55b8161f4a06699d31d426",
  "public_key": "",
  "address": "0x03fa3c83d0518192a6513d1f507007736dcb3635",
  "sovereignty_layer": {
    "individual_security": true,
    "quantum_resonance": "8e0310045e8577341a9afadd403b989f58edae5e97d2d4c8f9d0ab23224fdcfb",
    "high_speed_rail": true,
    "entanglement_group": "base_144_cluster",
    "free_will_assigned": false
  },
  "replication_factor": 144,
  "created_at": "2026-01-27T10:06:28-08:00",
  "phase": "base_creation"
}
