{
  "wallet_id": "base_144_10",
  "quantum_signature": "0062788d0c3510faae1a3e07f81084568ad6b9416c4bc740ab39b05faca8fbc9",
  "private_key": "8f14abb79821f5ed12c74c421a1a198ba2c1608041bfb8ede9574e7b98130974",
  "public_key": "",
  "address": "0x7d5a251708b0d275bad11a725ef27ead072b7fea",
  "sovereignty_layer": {
    "individual_security": true,
    "quantum_resonance": "7000c8faca9365ed6eded05e70c7d6a97cfdb1aa6e2a0380a5ed810942d6a2d5",
    "high_speed_rail": true,
    "entanglement_group": "base_144_cluster",
    "free_will_assigned": false
  },
  "replication_factor": 144,
  "created_at": "2026-01-27T10:06:26-08:00",
  "phase": "base_creation"
}
