{
  "wallet_id": "base_144_105",
  "quantum_signature": "50d1d781c969923df80b854c61506d48b5fd36d68ac6e2f224152a53d374156f",
  "private_key": "047094a155f0239243a9de4e72e08616d2317a2f02f94a33fa6d288fb55fd7aa",
  "public_key": "",
  "address": "0xde57f2289ffac13dc93af17c634a6680b309b61d",
  "sovereignty_layer": {
    "individual_security": true,
    "quantum_resonance": "b0b36e840ee7e13445152ea00e7bf1df5bfbf65b63cd7f8ed59c9e7041a4e858",
    "high_speed_rail": true,
    "entanglement_group": "base_144_cluster",
    "free_will_assigned": false
  },
  "replication_factor": 144,
  "created_at": "2026-01-27T10:06:30-08:00",
  "phase": "base_creation"
}
