{
  "wallet_id": "base_144_52",
  "quantum_signature": "60e72ce8673b2adaa13ecff494a308fdef387b2889fb52ea49fd5b52875a4016",
  "private_key": "3f427c524fc7a9a021f12055c8c9d45013f2ef1812b6b9581675ee555cd3d5de",
  "public_key": "",
  "address": "0x02147a66bc00f70e5337611b06025c55da03f8c0",
  "sovereignty_layer": {
    "individual_security": true,
    "quantum_resonance": "d0a7edd1c4984380da82fecbcdf078f9a094ebabee28eb74b40b426cb0acb42b",
    "high_speed_rail": true,
    "entanglement_group": "base_144_cluster",
    "free_will_assigned": false
  },
  "replication_factor": 144,
  "created_at": "2026-01-27T10:06:28-08:00",
  "phase": "base_creation"
}
