{
  "wallet_id": "base_144_81",
  "quantum_signature": "03209cd11919d44c37f8dd19e1dcba0ad34d0158c1c9845241ec2892fe759bf8",
  "private_key": "5ca7950f28d9f0a82c78125c84b9a9bf3f0cf0677b28c5b8dc8d29ed8b4d1410",
  "public_key": "",
  "address": "0x038f9ae828db4db21cab53762e08955744c3ea1a",
  "sovereignty_layer": {
    "individual_security": true,
    "quantum_resonance": "f47eccf926709056dd8efd1ebc26a06293318e2d232c91cc093d5b7fb0371251",
    "high_speed_rail": true,
    "entanglement_group": "base_144_cluster",
    "free_will_assigned": false
  },
  "replication_factor": 144,
  "created_at": "2026-01-27T10:06:29-08:00",
  "phase": "base_creation"
}
