{
  "wallet_id": "base_144_33",
  "quantum_signature": "de9bde45987123dbba1192160ce216ac98461a7bee3737758d25e6c03912044d",
  "private_key": "37125313807bd9d9d10727e06225ea5969ac8b3183d87fa1aebcc8cb256f82d2",
  "public_key": "",
  "address": "0x3c9ba2a40f1ed0103c62ad03b2f886721b1816e7",
  "sovereignty_layer": {
    "individual_security": true,
    "quantum_resonance": "9908a3e3530fa2dd5255a8d004ac13fe5a4748040fe566b35eb93308a4b3676c",
    "high_speed_rail": true,
    "entanglement_group": "base_144_cluster",
    "free_will_assigned": false
  },
  "replication_factor": 144,
  "created_at": "2026-01-27T10:06:27-08:00",
  "phase": "base_creation"
}
