{
  "wallet_id": "base_144_141",
  "quantum_signature": "6e01d1679bf9047d2d3028a7d44255d081a56fbb4513610c9db0cccb74351c1c",
  "private_key": "f289a804f1e5117467f26fd5467882444c42e42fd5cbfb8ede354cb993470dd0",
  "public_key": "",
  "address": "0x50edb2dc7ecfa367f34b38fbc540a49823ff60c6",
  "sovereignty_layer": {
    "individual_security": true,
    "quantum_resonance": "14fe10347b438a4d0491d3c7b57baf1a08806ffebc55a796a702481d6eda82b1",
    "high_speed_rail": true,
    "entanglement_group": "base_144_cluster",
    "free_will_assigned": false
  },
  "replication_factor": 144,
  "created_at": "2026-01-27T10:06:31-08:00",
  "phase": "base_creation"
}
