{
  "wallet_id": "base_144_107",
  "quantum_signature": "b375814027fede5d2f558e0ccbafae6d22f31d59c149a56f3fc81516c14a620e",
  "private_key": "90d6c79728b7a29ba80a041f1747be6a9328df2dcd8ec34d76bed0bae9a4b9a7",
  "public_key": "",
  "address": "0x48c78f208d037cb1d2f3dde64200a40e0a509df3",
  "sovereignty_layer": {
    "individual_security": true,
    "quantum_resonance": "213a62ec7b95695c6244cd02878a75230646c872f3b7614f376ac7651413c759",
    "high_speed_rail": true,
    "entanglement_group": "base_144_cluster",
    "free_will_assigned": false
  },
  "replication_factor": 144,
  "created_at": "2026-01-27T10:06:30-08:00",
  "phase": "base_creation"
}
