{
  "wallet_id": "base_144_17",
  "quantum_signature": "cfc976e4cb9035c66c37ff166d9738d7b5088c49eba79562c4f5ba2c1c72b260",
  "private_key": "7940ad042cac468591be6c19c46644e1ee1585c909a3616e04f84171a9afcdb5",
  "public_key": "",
  "address": "0xc18599262a0f26772df8c90544d582ad585bca12",
  "sovereignty_layer": {
    "individual_security": true,
    "quantum_resonance": "f3f618096184d3d6ff298ce5a929bdb7351602c5b693ddb47b3456892401f21f",
    "high_speed_rail": true,
    "entanglement_group": "base_144_cluster",
    "free_will_assigned": false
  },
  "replication_factor": 144,
  "created_at": "2026-01-27T10:06:26-08:00",
  "phase": "base_creation"
}
