{
  "wallet_id": "base_144_59",
  "quantum_signature": "b09dd2d13c768a6ee8ad80d6bb0e15c28016a8c547c9eda8c5b4ebecbfbeaff4",
  "private_key": "f667b16acab82cd4390c09dbb386b443a81985da50673e29b1e2b4f92c105b63",
  "public_key": "",
  "address": "0x7605a2761133f7906bb11dd7f9c2b4f6ac775d34",
  "sovereignty_layer": {
    "individual_security": true,
    "quantum_resonance": "294464018f285d681223c983e45286de95d8c83e26fb96d2e19881f4dd0da719",
    "high_speed_rail": true,
    "entanglement_group": "base_144_cluster",
    "free_will_assigned": false
  },
  "replication_factor": 144,
  "created_at": "2026-01-27T10:06:28-08:00",
  "phase": "base_creation"
}
