{
  "wallet_id": "base_144_106",
  "quantum_signature": "acd489772c5dabfdea91f40ef698245a10a85b9888ddd78c4a87cc9adadfeaa5",
  "private_key": "2fa2f1296745a016047384842cf2502c4bf7f41520b85838b5d66247ce52a5a1",
  "public_key": "",
  "address": "0xdd5a6d405768ae63644edb98a0bd8bd09f2f7340",
  "sovereignty_layer": {
    "individual_security": true,
    "quantum_resonance": "ad43dd29d819743285141e8c83e0662fe17a94d7a720c26b7eacd7aea266230f",
    "high_speed_rail": true,
    "entanglement_group": "base_144_cluster",
    "free_will_assigned": false
  },
  "replication_factor": 144,
  "created_at": "2026-01-27T10:06:30-08:00",
  "phase": "base_creation"
}
