{
  "wallet_id": "base_144_127",
  "quantum_signature": "90a12210b5e74d73180a55f1a102482b4b223e3ba2bca95b4027ff7b6ada5c79",
  "private_key": "203faab422183f4ba022a49cb359a9c929215004bd3a0bbae56c7704c0ece835",
  "public_key": "",
  "address": "0x9a4dcd0c57c8b8eaadacaeb0d0105bfaa4ce9bc2",
  "sovereignty_layer": {
    "individual_security": true,
    "quantum_resonance": "3dcede472adc084bb971bce670e2fa184e7ca9d66004033d6aaadf56d6a5fc7e",
    "high_speed_rail": true,
    "entanglement_group": "base_144_cluster",
    "free_will_assigned": false
  },
  "replication_factor": 144,
  "created_at": "2026-01-27T10:06:31-08:00",
  "phase": "base_creation"
}
