{
  "wallet_id": "base_144_86",
  "quantum_signature": "f93cabdacbd25f81e6f9f6babf97a38535f800f0126948c93e6e162686078562",
  "private_key": "95327f5318b6abbeb6671938fff07f2e584f9d8dfbded00ec34dbdb3f18518bb",
  "public_key": "",
  "address": "0x04a767a5e593bd02fd58f939b5d1624710866181",
  "sovereignty_layer": {
    "individual_security": true,
    "quantum_resonance": "f8e4040857b64944ce6a49a9f384eac46b46310ba21e9d9e23160d4caaa91bc7",
    "high_speed_rail": true,
    "entanglement_group": "base_144_cluster",
    "free_will_assigned": false
  },
  "replication_factor": 144,
  "created_at": "2026-01-27T10:06:29-08:00",
  "phase": "base_creation"
}
