{
  "wallet_id": "base_144_117",
  "quantum_signature": "34e42c80b89ad662ab20a59bf303b648eb96aa62dd5f22ed6edbc0afde666c09",
  "private_key": "f06aa7d897b7a9d8625ece9750d0486a31a19883689f90346fc388b2e338e34a",
  "public_key": "",
  "address": "0xdc9cafcf66848d1b0f0659219666cd3f08d08cf0",
  "sovereignty_layer": {
    "individual_security": true,
    "quantum_resonance": "7b049c2d2a963808e910a3f9b4d069fb298f5c6c5ab75c3082e22d5e834fb5b1",
    "high_speed_rail": true,
    "entanglement_group": "base_144_cluster",
    "free_will_assigned": false
  },
  "replication_factor": 144,
  "created_at": "2026-01-27T10:06:30-08:00",
  "phase": "base_creation"
}
