{
  "wallet_id": "base_144_82",
  "quantum_signature": "188171f265c348c5f3a5508a19b522ec0aa75a99803c192cc96474309eaa443b",
  "private_key": "656866b57cc45769fa2d5d3e73c868267f9c0425de04f04f0e377c3f60c0c29b",
  "public_key": "",
  "address": "0x4fb805a1ddc8990bbfb3b9d3639109aa6c8ab98a",
  "sovereignty_layer": {
    "individual_security": true,
    "quantum_resonance": "61f55ba93956f4e94d0eb4383e0cbb3e971b567bfb2c3eb7273d11285c8d7ede",
    "high_speed_rail": true,
    "entanglement_group": "base_144_cluster",
    "free_will_assigned": false
  },
  "replication_factor": 144,
  "created_at": "2026-01-27T10:06:29-08:00",
  "phase": "base_creation"
}
