{
  "wallet_id": "base_144_25",
  "quantum_signature": "a5724b9cbb5f2969bc7f1cf0d7521676a9be189a6a1062a4f85580cf43320a6d",
  "private_key": "89c7a565df1f839110a0746c614b429ff918a321149fa4f42c616d8f838924ce",
  "public_key": "",
  "address": "0x93846db20d000f228cb1b2eac1dfcffdbc349511",
  "sovereignty_layer": {
    "individual_security": true,
    "quantum_resonance": "f325be348e4d3aa63b61b61cbfbf319ad4955ad23769ac51a1abecb34f0e448f",
    "high_speed_rail": true,
    "entanglement_group": "base_144_cluster",
    "free_will_assigned": false
  },
  "replication_factor": 144,
  "created_at": "2026-01-27T10:06:27-08:00",
  "phase": "base_creation"
}
