{
  "wallet_id": "base_144_118",
  "quantum_signature": "813426dbe801c2b78707e7818f8cad1e5e2d5503846aecf65684265006a65c97",
  "private_key": "0146cef8440b2c114a2b3e7e6fc2f9c20e4a2ef33e9cdcdcb4c60443222e9c36",
  "public_key": "",
  "address": "0x88cc83844bdeaf363d18eaae41a75eda9cd60dba",
  "sovereignty_layer": {
    "individual_security": true,
    "quantum_resonance": "8c1c2c2665f0186a1b51c04cf6e6e8b933ab44ecf8dd618b0f08fb51d2e9c354",
    "high_speed_rail": true,
    "entanglement_group": "base_144_cluster",
    "free_will_assigned": false
  },
  "replication_factor": 144,
  "created_at": "2026-01-27T10:06:30-08:00",
  "phase": "base_creation"
}
