{
  "wallet_id": "base_144_35",
  "quantum_signature": "4356550d60aeb5c3d3128b7dbfc5c27ef10cf5fd3022b2fc56cabe5690b9c08b",
  "private_key": "56924e8976b3212b1e5be6668482b7cb483cd486bc0fd89c1960c3435ac957cf",
  "public_key": "",
  "address": "0xc301910dcb9fad6b19ba4803e353c492e8f30bf8",
  "sovereignty_layer": {
    "individual_security": true,
    "quantum_resonance": "6de48bf7c40df921f13cdd07b007265ef7f267ff7fd2bf5dd638b55eaef8491d",
    "high_speed_rail": true,
    "entanglement_group": "base_144_cluster",
    "free_will_assigned": false
  },
  "replication_factor": 144,
  "created_at": "2026-01-27T10:06:27-08:00",
  "phase": "base_creation"
}
