{
  "wallet_id": "base_144_36",
  "quantum_signature": "5a8b1bf35a3147e997cb24e1b5229cffd29f3c3342c893aeaabe4c4ecf999890",
  "private_key": "27d1a7fee33d2d7a335d9c1b1411b4405c87391f5a56a9820f88851a8980a708",
  "public_key": "",
  "address": "0x9dbe721f8b25db87121eb744e086c4daf5811493",
  "sovereignty_layer": {
    "individual_security": true,
    "quantum_resonance": "8902bb4a009d0db75589db40d2795c2ceba0b7a4117ea847cac5e2f9cf89f14d",
    "high_speed_rail": true,
    "entanglement_group": "base_144_cluster",
    "free_will_assigned": false
  },
  "replication_factor": 144,
  "created_at": "2026-01-27T10:06:27-08:00",
  "phase": "base_creation"
}
