{
  "wallet_id": "base_144_95",
  "quantum_signature": "b27fb39df2fff8897c1c7c00c74c0db37f1b0711f8fd39fd746cc85fffb95871",
  "private_key": "9f7b8838b51a895abc5d80822ac8cfe7b1c62661c0d2e9d23b89d2d7ab70f3db",
  "public_key": "",
  "address": "0x8431480a7b9c82aa5b5e7ec9baeb7492a6be032f",
  "sovereignty_layer": {
    "individual_security": true,
    "quantum_resonance": "1abc44769828dd65b240de8afe1d9fb36dc11d5512eab2010d630a1acc229684",
    "high_speed_rail": true,
    "entanglement_group": "base_144_cluster",
    "free_will_assigned": false
  },
  "replication_factor": 144,
  "created_at": "2026-01-27T10:06:29-08:00",
  "phase": "base_creation"
}
