{
  "wallet_id": "base_144_109",
  "quantum_signature": "cbe35ac7a974fa6faad2f1f4fb72bbabad8276a53779f14dc1bfc4986fd080c0",
  "private_key": "7b673c9e60385c80e552235fc91050dcbcd24b0a8de83640f5e8f97536fdbdd9",
  "public_key": "",
  "address": "0x2d1afacd0dec3c20b181b8b10d7acf0a5fcb3562",
  "sovereignty_layer": {
    "individual_security": true,
    "quantum_resonance": "e71259a9c2aedd852c83667dbbbba2846560eb87ceff71dbdcf08a2658c8d94f",
    "high_speed_rail": true,
    "entanglement_group": "base_144_cluster",
    "free_will_assigned": false
  },
  "replication_factor": 144,
  "created_at": "2026-01-27T10:06:30-08:00",
  "phase": "base_creation"
}
