{
  "wallet_id": "base_144_30",
  "quantum_signature": "1d53b59b5dc503212732d3a70a18918d4220603f1f41f0a7001b8faaa99e5e10",
  "private_key": "2f0fa1be4a4b4c1b784585e70e0b722f0f1518c6465aa39cd67634b226a3b5e6",
  "public_key": "",
  "address": "0xbc653ab945d7af463681488d991c1fff8c82943b",
  "sovereignty_layer": {
    "individual_security": true,
    "quantum_resonance": "74df7ccdc3254ac99c77decfc6ff22735437909a5773c951e2f22e6831ca8dca",
    "high_speed_rail": true,
    "entanglement_group": "base_144_cluster",
    "free_will_assigned": false
  },
  "replication_factor": 144,
  "created_at": "2026-01-27T10:06:27-08:00",
  "phase": "base_creation"
}
