{
  "wallet_id": "base_144_29",
  "quantum_signature": "7e0297c2f7619f72c4808cdcc090f7a21f3d97c412db3b0714898ffc0f599cf0",
  "private_key": "ab373e16c8d30b2479c0a1779e192c37eb371d9e63415c9b5f33dfb2d8f42060",
  "public_key": "",
  "address": "0x3797827e01ca3edeb3db15357b601c405d1343ed",
  "sovereignty_layer": {
    "individual_security": true,
    "quantum_resonance": "6c97cea047928d7d8bd2777597dd6bf78e244ddd19b44264c0c3c20f04bcf472",
    "high_speed_rail": true,
    "entanglement_group": "base_144_cluster",
    "free_will_assigned": false
  },
  "replication_factor": 144,
  "created_at": "2026-01-27T10:06:27-08:00",
  "phase": "base_creation"
}
