{
  "wallet_id": "base_144_87",
  "quantum_signature": "91ec76b14e6bcb69ad96e3f9247421d405afcc82544c177bcaaadf218aaafa89",
  "private_key": "2fa72a4228c2a98ce8c10c7f1faf592967da7a246abd05f630a852ef2df27d8d",
  "public_key": "",
  "address": "0x680deaf7e1bacdd90cbc68581d2cc2ff1fced70d",
  "sovereignty_layer": {
    "individual_security": true,
    "quantum_resonance": "d6052f0f67a22ef8108dce32faf28f3718750525b36e1b9c033599a863262aea",
    "high_speed_rail": true,
    "entanglement_group": "base_144_cluster",
    "free_will_assigned": false
  },
  "replication_factor": 144,
  "created_at": "2026-01-27T10:06:29-08:00",
  "phase": "base_creation"
}
