{
  "wallet_id": "base_144_26",
  "quantum_signature": "3b248a30365e9e8353bffb2660939d46de4cde8cad64819cad2b54fa3c25dc8c",
  "private_key": "8d2bf363fc1c573870e84c4384f256c81ba2a77ab6f94dc4ee10df5b1d072e45",
  "public_key": "",
  "address": "0x2eacf54b4f1f33ba4e5f138959e9658fd072e862",
  "sovereignty_layer": {
    "individual_security": true,
    "quantum_resonance": "0b3b580888a40c9ca153804ba16fbbdfecb74303d07c36cb46567a90b9223371",
    "high_speed_rail": true,
    "entanglement_group": "base_144_cluster",
    "free_will_assigned": false
  },
  "replication_factor": 144,
  "created_at": "2026-01-27T10:06:27-08:00",
  "phase": "base_creation"
}
