{
  "wallet_id": "base_144_18",
  "quantum_signature": "41e2612faf025f3754d1846173b7e789db6306fa05c58f1bf5a9b41e90ce311e",
  "private_key": "ccab76c86d952cde84db0553e9784fd946addd8eed0b4506e057842524b3f062",
  "public_key": "",
  "address": "0xbc2a103c875f39d28514891384e041067302068a",
  "sovereignty_layer": {
    "individual_security": true,
    "quantum_resonance": "117fcb297c6d1ca85bd33b674b813b5c3ae3d613372bba6f0f29fc25306320fc",
    "high_speed_rail": true,
    "entanglement_group": "base_144_cluster",
    "free_will_assigned": false
  },
  "replication_factor": 144,
  "created_at": "2026-01-27T10:06:26-08:00",
  "phase": "base_creation"
}
