{
  "wallet_id": "base_144_136",
  "quantum_signature": "b56b93f43355b5b06748ac9af31c0cf2d0e67ae21c95e3c6f97dd4fa937a27fe",
  "private_key": "9fc66a33bfef7f6676256bef4689ab1668d88774edf90a93ae18cc32b345ed22",
  "public_key": "",
  "address": "0x59a75e6253ebe63f15acd54c906e8037e7f20c86",
  "sovereignty_layer": {
    "individual_security": true,
    "quantum_resonance": "99a197bae92864ec26e6b2eb8cad4db299f9d13b3d325e9537e614b3b721d2f5",
    "high_speed_rail": true,
    "entanglement_group": "base_144_cluster",
    "free_will_assigned": false
  },
  "replication_factor": 144,
  "created_at": "2026-01-27T10:06:31-08:00",
  "phase": "base_creation"
}
