{
  "wallet_id": "base_144_41",
  "quantum_signature": "154fdb8f7bb06d35b9cb9c9a81505a0d15a864f4e8d55d189046254374167da3",
  "private_key": "0cfcbed743344b7fe17c519930d8f23bbe83015fa649de0ae0a8a708c54101c8",
  "public_key": "",
  "address": "0x97467451d2acb7d227c4c682fa20deb71fbf2df4",
  "sovereignty_layer": {
    "individual_security": true,
    "quantum_resonance": "2d5d4b11536b28af63363511282f85afbf412af152c0cb0ab85cc282c199cbfc",
    "high_speed_rail": true,
    "entanglement_group": "base_144_cluster",
    "free_will_assigned": false
  },
  "replication_factor": 144,
  "created_at": "2026-01-27T10:06:27-08:00",
  "phase": "base_creation"
}
