{
  "wallet_id": "base_144_65",
  "quantum_signature": "a702e297454e28e4df987b95758ac1200ce9bd66e93182f737ba0035dcf64f1d",
  "private_key": "5a0bc1fe538de313f682e8a8394d2e44f9faecb1cbd9f6373be74705dc6c2282",
  "public_key": "",
  "address": "0xa18df6481ac2e0c2bde9618eaac6fc01a56e5010",
  "sovereignty_layer": {
    "individual_security": true,
    "quantum_resonance": "57b3c0adcbd20a579dcd8618cb84bb98e8a145f562ec8d8f6fba8c368db63582",
    "high_speed_rail": true,
    "entanglement_group": "base_144_cluster",
    "free_will_assigned": false
  },
  "replication_factor": 144,
  "created_at": "2026-01-27T10:06:28-08:00",
  "phase": "base_creation"
}
