{
  "wallet_id": "base_144_97",
  "quantum_signature": "f38fed54403e645cd0a74eaa3721defb598dcb7bbcc35c5d6a23f46317a94ea6",
  "private_key": "2bea328a871f95bebc83d01480ea13ae103269d85247f89b3681be0ada8c40f9",
  "public_key": "",
  "address": "0xa74d37bb000cccfa1cefa6a27f321f50b07dace8",
  "sovereignty_layer": {
    "individual_security": true,
    "quantum_resonance": "4f304f842b77410ec6bdea9ead1510144ddfc06cb2846b28a96879a07b362c8e",
    "high_speed_rail": true,
    "entanglement_group": "base_144_cluster",
    "free_will_assigned": false
  },
  "replication_factor": 144,
  "created_at": "2026-01-27T10:06:29-08:00",
  "phase": "base_creation"
}
