{
  "wallet_id": "base_144_73",
  "quantum_signature": "49db4d19065f3e2deccbfb5ecfdf2f49089bd05d60366edc819f601aa1a21868",
  "private_key": "a1d78811c8b6a48bc3126383ff3f6214af7da0d3361925e546a2e03505906674",
  "public_key": "",
  "address": "0xa96f2c236a6a6d50e84022b2652af94296e82feb",
  "sovereignty_layer": {
    "individual_security": true,
    "quantum_resonance": "464008a1acf1c9851946ceb09c757abce310e88d934c1c140d97f951c84fe24d",
    "high_speed_rail": true,
    "entanglement_group": "base_144_cluster",
    "free_will_assigned": false
  },
  "replication_factor": 144,
  "created_at": "2026-01-27T10:06:29-08:00",
  "phase": "base_creation"
}
