{
  "wallet_id": "base_144_128",
  "quantum_signature": "0648b18aa371f87ff85eecd04e7e2fcba93a8f803c1ebd8eca8ecf69427bf50f",
  "private_key": "2a45ca35a51811cd9df07468bde674777f58217fb789c44562a2a2deb8a052b3",
  "public_key": "",
  "address": "0x2048fc1e7729ddb7b0754da24d4bc9932cc09185",
  "sovereignty_layer": {
    "individual_security": true,
    "quantum_resonance": "f3049acdf7dfcb18a973371a2b625fa8394fe3241c4dd2ad1615b43630e66924",
    "high_speed_rail": true,
    "entanglement_group": "base_144_cluster",
    "free_will_assigned": false
  },
  "replication_factor": 144,
  "created_at": "2026-01-27T10:06:31-08:00",
  "phase": "base_creation"
}
