{
  "wallet_id": "base_144_112",
  "quantum_signature": "4a872d917244b798c28add08a17d5430a7e6462a8e16ceb60e26f342c260a622",
  "private_key": "86c4303e66afe017c89c0e12f3b08504e959f660f9aa6beaa0799a6196776bbe",
  "public_key": "",
  "address": "0x35bb724bcb50b7ffaa1334232e0303ad9201542b",
  "sovereignty_layer": {
    "individual_security": true,
    "quantum_resonance": "0e31c9bcbeea479b7b76fdfa65988b2c810dffc99539bf4914062696752a3650",
    "high_speed_rail": true,
    "entanglement_group": "base_144_cluster",
    "free_will_assigned": false
  },
  "replication_factor": 144,
  "created_at": "2026-01-27T10:06:30-08:00",
  "phase": "base_creation"
}
