{
  "wallet_id": "base_144_96",
  "quantum_signature": "2bbd5da4bb1ffa12142b4f0beb2aeb8f7af35d2ade4b573d4e74822c5a3e1385",
  "private_key": "e4eb4294040f43f308f01338f7dacac6d69552d8256d47908c76e94c902b4388",
  "public_key": "",
  "address": "0x80124b91451ea75aa9f2fadd97524320a3d83944",
  "sovereignty_layer": {
    "individual_security": true,
    "quantum_resonance": "c51211ed6fbe5fe6e74c4186d4d643fb800ca34e944923307d56779b4da1253a",
    "high_speed_rail": true,
    "entanglement_group": "base_144_cluster",
    "free_will_assigned": false
  },
  "replication_factor": 144,
  "created_at": "2026-01-27T10:06:29-08:00",
  "phase": "base_creation"
}
