{
  "wallet_id": "base_144_39",
  "quantum_signature": "d7508c695a68a24d6dde24eda9b0eb941b513cbe1fb28b262d03ca81710a8fda",
  "private_key": "09fc2f713a397b3eb096769a55e4ecc1084b9edb66a9718c17863e680a69d19a",
  "public_key": "",
  "address": "0x814ca0594bebf664613b3e8c215df89f0219bc21",
  "sovereignty_layer": {
    "individual_security": true,
    "quantum_resonance": "432108ce3816f2f437311a6ef3c3c78f5a6c9f05eab599cc36d45aec5c22dcbf",
    "high_speed_rail": true,
    "entanglement_group": "base_144_cluster",
    "free_will_assigned": false
  },
  "replication_factor": 144,
  "created_at": "2026-01-27T10:06:27-08:00",
  "phase": "base_creation"
}
