{
  "wallet_id": "base_144_140",
  "quantum_signature": "1136f894746e3f0ddbd7dbe36d87712575ee2a3aba40fd35ce1869647ab951a2",
  "private_key": "c14f08c475877d503194cdd50a58b3871a27a7dc3950a08517e3fa0f94b824c8",
  "public_key": "",
  "address": "0x5076f613e1e80ec7a5c255246354f16e0c6b52d4",
  "sovereignty_layer": {
    "individual_security": true,
    "quantum_resonance": "5ad7808e7e6d3bf6d2e7e9d33994117aca654ea8fbd8f060f69e54109fbc7937",
    "high_speed_rail": true,
    "entanglement_group": "base_144_cluster",
    "free_will_assigned": false
  },
  "replication_factor": 144,
  "created_at": "2026-01-27T10:06:31-08:00",
  "phase": "base_creation"
}
