{
  "wallet_id": "base_144_54",
  "quantum_signature": "7682b927e51ae4cf655b0e0cf18c0987f77308c7ac37d1b2a701cd2b44d0d57c",
  "private_key": "664fb3d4cdd649a7e194a36538aed406c447a16bf73e5b34c4dc58584e180416",
  "public_key": "",
  "address": "0xd9a679bd2429c7277a50f5b227b8ccfd4281c312",
  "sovereignty_layer": {
    "individual_security": true,
    "quantum_resonance": "97d3f2661e80bacd4d7b976445e030b01a8e9aed2c1e6ab9c2fa820b135bec80",
    "high_speed_rail": true,
    "entanglement_group": "base_144_cluster",
    "free_will_assigned": false
  },
  "replication_factor": 144,
  "created_at": "2026-01-27T10:06:28-08:00",
  "phase": "base_creation"
}
