{
  "wallet_id": "base_144_44",
  "quantum_signature": "9a081a350a1fa72086a906ab4a30d92c2544880d3015f0a88ca8d6d857bca602",
  "private_key": "0a75687f198d0cfaa4f732204750007eb44c52226544b7095dfb0d444317d885",
  "public_key": "",
  "address": "0xfcb4af1114334ba930b1f1240b3eab3b1c78ca29",
  "sovereignty_layer": {
    "individual_security": true,
    "quantum_resonance": "84825afcbd37bccda9ad122d192598819429aab2cfdcc8b67a81909bdb5a6529",
    "high_speed_rail": true,
    "entanglement_group": "base_144_cluster",
    "free_will_assigned": false
  },
  "replication_factor": 144,
  "created_at": "2026-01-27T10:06:27-08:00",
  "phase": "base_creation"
}
