{"_format":"","paths":{"artifacts":"out","build_infos":"out/build-info","sources":"src","tests":"test","scripts":"script","libraries":["lib"]},"files":{"src/IERC20.sol":{"lastModificationDate":1769333792057,"contentHash":"e9ca842f0772f009","interfaceReprHash":null,"sourceName":"src/IERC20.sol","imports":[],"versionRequirement":"^0.8.24","artifacts":{"IERC20":{"0.8.33":{"default":{"path":"IERC20.sol/IERC20.json","build_id":"82e70ccd540908ab"}}}},"seenByCompiler":true},"src/TEMPORAL_LEVERAGE_SYSTEM.sol":{"lastModificationDate":1769333830802,"contentHash":"50f2f2feb6a68cc4","interfaceReprHash":null,"sourceName":"src/TEMPORAL_LEVERAGE_SYSTEM.sol","imports":["src/IERC20.sol"],"versionRequirement":"^0.8.24","artifacts":{"IFlashLoanAggregator":{"0.8.33":{"default":{"path":"TEMPORAL_LEVERAGE_SYSTEM.sol/IFlashLoanAggregator.json","build_id":"82e70ccd540908ab"}}},"ILendingPool":{"0.8.33":{"default":{"path":"TEMPORAL_LEVERAGE_SYSTEM.sol/ILendingPool.json","build_id":"82e70ccd540908ab"}}},"ITemporalArbitrage":{"0.8.33":{"default":{"path":"TEMPORAL_LEVERAGE_SYSTEM.sol/ITemporalArbitrage.json","build_id":"82e70ccd540908ab"}}},"IVINOEnterprise":{"0.8.33":{"default":{"path":"TEMPORAL_LEVERAGE_SYSTEM.sol/IVINOEnterprise.json","build_id":"82e70ccd540908ab"}}},"IWETH":{"0.8.33":{"default":{"path":"TEMPORAL_LEVERAGE_SYSTEM.sol/IWETH.json","build_id":"82e70ccd540908ab"}}},"TemporalLeverageSystem":{"0.8.33":{"default":{"path":"TEMPORAL_LEVERAGE_SYSTEM.sol/TemporalLeverageSystem.json","build_id":"82e70ccd540908ab"}}}},"seenByCompiler":true}},"builds":["82e70ccd540908ab"],"profiles":{"default":{"solc":{"optimizer":{"enabled":false,"runs":200},"metadata":{"useLiteralContent":false,"bytecodeHash":"ipfs","appendCBOR":true},"outputSelection":{"*":{"*":["abi","evm.bytecode.object","evm.bytecode.sourceMap","evm.bytecode.linkReferences","evm.deployedBytecode.object","evm.deployedBytecode.sourceMap","evm.deployedBytecode.linkReferences","evm.deployedBytecode.immutableReferences","evm.methodIdentifiers","metadata"]}},"evmVersion":"prague","viaIR":false,"libraries":{}},"vyper":{"evmVersion":"prague","outputSelection":{"*":{"*":["abi","evm.bytecode","evm.deployedBytecode"]}}}}},"preprocessed":false,"mocks":[]}