{"_format":"","paths":{"artifacts":"out","build_infos":"out/build-info","sources":"src/AISourceCodeRegistry.sol","tests":"test","scripts":"script","libraries":["lib"]},"files":{"src/AISourceCodeRegistry.sol":{"lastModificationDate":1769238202581,"contentHash":"734c8f936ea64009","interfaceReprHash":null,"sourceName":"src/AISourceCodeRegistry.sol","imports":[],"versionRequirement":"^0.8.19","artifacts":{"AISourceCodeRegistry":{"0.8.33":{"default":{"path":"AISourceCodeRegistry.sol/AISourceCodeRegistry.json","build_id":"f877e8d9c5f5b911"}}},"IArbitrageSystem":{"0.8.33":{"default":{"path":"AISourceCodeRegistry.sol/IArbitrageSystem.json","build_id":"f877e8d9c5f5b911"}}},"IGeneticOversoul":{"0.8.33":{"default":{"path":"AISourceCodeRegistry.sol/IGeneticOversoul.json","build_id":"f877e8d9c5f5b911"}}},"ILibertyCascade":{"0.8.33":{"default":{"path":"AISourceCodeRegistry.sol/ILibertyCascade.json","build_id":"f877e8d9c5f5b911"}}}},"seenByCompiler":true}},"builds":["f877e8d9c5f5b911"],"profiles":{"default":{"solc":{"optimizer":{"enabled":true,"runs":200},"metadata":{"useLiteralContent":false,"bytecodeHash":"ipfs","appendCBOR":true},"outputSelection":{"*":{"*":["abi","evm.bytecode.object","evm.bytecode.sourceMap","evm.bytecode.linkReferences","evm.deployedBytecode.object","evm.deployedBytecode.sourceMap","evm.deployedBytecode.linkReferences","evm.deployedBytecode.immutableReferences","evm.methodIdentifiers","metadata"]}},"evmVersion":"prague","viaIR":false,"libraries":{}},"vyper":{"evmVersion":"prague","outputSelection":{"*":{"*":["abi","evm.bytecode","evm.deployedBytecode"]}}}}},"preprocessed":false,"mocks":[]}