{
  "key_id": "quantum_key_23",
  "private_key": "66a2d14e51840747dc0521d5a476e57a9c4f6b764292e4d59d50c08a68f2b785",
  "public_key": "",
  "address": "0xbed9c05530ae719996db45b290cf303bd3300872",
  "quantum_signature": "32d288431d342131e05f62f9315f3def9ed9b922ac72376852228276b1363771",
  "high_speed_rail": true,
  "sovereignty_layer": {
    "individual_security": true,
    "quantum_resonance": "c10e1c0d3324fc80ff4be490f055489bb195ef3416b1ee634f2b61a1e9b8464a",
    "deployment_vector": true,
    "cross_reference": true
  },
  "wallet_cluster": "cluster_4",
  "entanglement_group": "quantum_network",
  "access_speed": "instant"
}
