{
  "key_id": "quantum_key_15",
  "private_key": "96d74c87690cfac471200f0cf0e675c7f5f91dfa838b2fcc7a51603d26ec70a9",
  "public_key": "",
  "address": "0xab2405069148a33ac8f156fd52e12f5f6ea41be8",
  "quantum_signature": "d0cdc427fea67f954b2e0456adec26d58b04bcd78549cbc9a39848352b1baac7",
  "high_speed_rail": true,
  "sovereignty_layer": {
    "individual_security": true,
    "quantum_resonance": "9b58d62582d7a0492e745d06d8fd3cb32ae60617c6154732f6fc359739594fda",
    "deployment_vector": true,
    "cross_reference": true
  },
  "wallet_cluster": "cluster_6",
  "entanglement_group": "quantum_network",
  "access_speed": "instant"
}
