{
  "key_id": "quantum_key_16",
  "private_key": "300cd3a45ae9060ebdfff05fbfeac8c790f1adbad9b7819b34f42109ad838ff6",
  "public_key": "",
  "address": "0x2ad9bd1311dfccfd7d41f2aaa1cef45ccf7073e3",
  "quantum_signature": "00b9af244c273c3c0177b3057c553d49b964aaca89fd386a3f4f656dd67ca709",
  "high_speed_rail": true,
  "sovereignty_layer": {
    "individual_security": true,
    "quantum_resonance": "1eaa2c970f39ec23856913eae9c99fa0198550d468d66b70c8df23e42e0185cc",
    "deployment_vector": true,
    "cross_reference": true
  },
  "wallet_cluster": "cluster_7",
  "entanglement_group": "quantum_network",
  "access_speed": "instant"
}
