{
  "key_id": "quantum_key_4",
  "private_key": "e26bb09c7db0f22310937412b9f770fc7dda2ee0a50da4398defbb6f062848f6",
  "public_key": "",
  "address": "0x6126dedd9d093f18663cd992d51ba3169bb9b07a",
  "quantum_signature": "1c30f6d472517e000294b6e69b8db7e77a159ce8c2e9f3b35d9b56d4b1b9866f",
  "high_speed_rail": true,
  "sovereignty_layer": {
    "individual_security": true,
    "quantum_resonance": "3fb2bcca4d92be6857c655e7a3e019d0e72436b54a111ee90507322a05422134",
    "deployment_vector": true,
    "cross_reference": true
  },
  "wallet_cluster": "cluster_5",
  "entanglement_group": "quantum_network",
  "access_speed": "instant"
}
