{
  "key_id": "quantum_key_21",
  "private_key": "5dbb0565c40816a54cd3b2bce41c6ae3f2ca48b069fc47bec1f3d50f64764adc",
  "public_key": "",
  "address": "0x681191e8fc8783e3b4d15e5f61a1fac040b5c403",
  "quantum_signature": "16838e0fdef3d18da16fec746a7a161a0cb6d311e4a42e367a0316ded1591253",
  "high_speed_rail": true,
  "sovereignty_layer": {
    "individual_security": true,
    "quantum_resonance": "13a45e6c2512669269c7d7cb28c3dc54b85861a6c189b652f1954a7e9f4e9699",
    "deployment_vector": true,
    "cross_reference": true
  },
  "wallet_cluster": "cluster_2",
  "entanglement_group": "quantum_network",
  "access_speed": "instant"
}
