{
  "key_id": "quantum_key_44",
  "private_key": "3671860a3d9111a9ee58eea889404c11b63520d57c5365e44cbb3c2f64bd97a0",
  "public_key": "",
  "address": "0x193e277428f398b39df1354b6cce4633b3e2b048",
  "quantum_signature": "c689032cf6268967c7cf8fc8dbc7feaa78a75966f6627fef0dc5489dd94cf422",
  "high_speed_rail": true,
  "sovereignty_layer": {
    "individual_security": true,
    "quantum_resonance": "3cf15f8a9565ad88ad97ac8666c4c3c7fc5c27f39d2842d72fcafb5fbb586eec",
    "deployment_vector": true,
    "cross_reference": true
  },
  "wallet_cluster": "cluster_5",
  "entanglement_group": "quantum_network",
  "access_speed": "instant"
}
