{
  "key_id": "quantum_key_17",
  "private_key": "ef606f28f2467d8d325b9db83c529c3318f1b44121a8c821867ef192b92d5652",
  "public_key": "",
  "address": "0xb680f46acf917a58b502f795853e1826940545d4",
  "quantum_signature": "b8bcd4f31231723daf97bfd3fc0e9863df6e65f7fa99d227f6297c7274985260",
  "high_speed_rail": true,
  "sovereignty_layer": {
    "individual_security": true,
    "quantum_resonance": "42924237f9d29e2da2667f47a7463ab1a75f8fbf137dbf0f96337aecc8ffa301",
    "deployment_vector": true,
    "cross_reference": true
  },
  "wallet_cluster": "cluster_8",
  "entanglement_group": "quantum_network",
  "access_speed": "instant"
}
