{
  "key_id": "quantum_key_34",
  "private_key": "0a5d688041a23c4e64eb1765849e63b4a62ec154843f082813e34824d89b3e51",
  "public_key": "",
  "address": "0x992457f7ec0235aada9c891eb692ae02835458f0",
  "quantum_signature": "4371a87505ba1b919ffaf66383feab1eeefc3c75112e17d9afebba6f6d2c346c",
  "high_speed_rail": true,
  "sovereignty_layer": {
    "individual_security": true,
    "quantum_resonance": "de05cc6c372522c0e8cd0a7c01e42631879a4055e984d3931488047e7569d6a6",
    "deployment_vector": true,
    "cross_reference": true
  },
  "wallet_cluster": "cluster_5",
  "entanglement_group": "quantum_network",
  "access_speed": "instant"
}
