{
  "key_id": "quantum_key_24",
  "private_key": "eaa73f4262ace29699e6e2a297e04eb32b22d1b644d2e36feda11b5508a34249",
  "public_key": "",
  "address": "0x722f04f2f4b90836406aa8e3ad353e3a7051852c",
  "quantum_signature": "e6097cefba11ff929543ecf5e55c6d7b784c991b1190f4979de16b14b5ccc05a",
  "high_speed_rail": true,
  "sovereignty_layer": {
    "individual_security": true,
    "quantum_resonance": "88847441f4ad2b852f63efb5355af473c71554f20a3afdc64e657d3bb153d51e",
    "deployment_vector": true,
    "cross_reference": true
  },
  "wallet_cluster": "cluster_5",
  "entanglement_group": "quantum_network",
  "access_speed": "instant"
}
