{
  "key_id": "quantum_key_22",
  "private_key": "8b5c0b10be35085406912f7989ce80e62e6a9a8571df97b24f6fa78b674ff122",
  "public_key": "",
  "address": "0xe0ef2ccdb89b65b04b350416e0668a4ed959f2fd",
  "quantum_signature": "568d68bfd5ac6663626e3d0f5a05ce2757f85bd785f2c8f7705f4d0bfd5f3121",
  "high_speed_rail": true,
  "sovereignty_layer": {
    "individual_security": true,
    "quantum_resonance": "da5cb28f18346df692fd4206fc42d691e32894a9fefa3d752384a885ac948606",
    "deployment_vector": true,
    "cross_reference": true
  },
  "wallet_cluster": "cluster_3",
  "entanglement_group": "quantum_network",
  "access_speed": "instant"
}
