{
  "key_id": "quantum_key_5",
  "private_key": "429ac3660ce7dfb849f63a8e41e277b9e8a021f742ecb80d85f250527b50036f",
  "public_key": "",
  "address": "0x6839c495b6f88ae31ded5d0ea20ab5488251fd6c",
  "quantum_signature": "73dba14e9bdbd9177b098d99a7482c03a5f6560bc8e7acea79f4b5035110998a",
  "high_speed_rail": true,
  "sovereignty_layer": {
    "individual_security": true,
    "quantum_resonance": "b6f2728c2f01a83f107862fb93f550df19ef26b6b7474984d2343d9bbe417c43",
    "deployment_vector": true,
    "cross_reference": true
  },
  "wallet_cluster": "cluster_6",
  "entanglement_group": "quantum_network",
  "access_speed": "instant"
}
