{
  "key_id": "quantum_key_10",
  "private_key": "ec99915dc2701675ca79fc0d651bf4273c7f3213b50c3a8aa1435ea2d8f75f84",
  "public_key": "",
  "address": "0x7f5fa2cfb0102836021734f9cb85861839ad7a5e",
  "quantum_signature": "79f7558b124a8d0cfbf453d2ba2b3d271ee028d08e240a3ee1ff76912ce94d05",
  "high_speed_rail": true,
  "sovereignty_layer": {
    "individual_security": true,
    "quantum_resonance": "23d8ac056a7739c4756131fd6caaa3a142ba7819a6801edd2a22ee621179abe5",
    "deployment_vector": true,
    "cross_reference": true
  },
  "wallet_cluster": "cluster_1",
  "entanglement_group": "quantum_network",
  "access_speed": "instant"
}
