{
  "key_id": "quantum_key_27",
  "private_key": "8a7ffe1dbc200eedddfd49687067020476c8be1612aaf5f8cfe6b6ae52de341c",
  "public_key": "",
  "address": "0x92de85fffeae6c0046204f05426ebabb7d0e32f9",
  "quantum_signature": "5d10cd048fab6d3167898858601fecb8c0f21d6a90460c6bf2f95c04a5704403",
  "high_speed_rail": true,
  "sovereignty_layer": {
    "individual_security": true,
    "quantum_resonance": "b20f8021cd0cbf806ea8558f584715114c7c69bfa28015a019b99a22c4b2859d",
    "deployment_vector": true,
    "cross_reference": true
  },
  "wallet_cluster": "cluster_8",
  "entanglement_group": "quantum_network",
  "access_speed": "instant"
}
