{
  "key_id": "quantum_key_9",
  "private_key": "5ab7001cec2434daa783b8ba2320942ff67e451878655f5f3d67f5d66d858334",
  "public_key": "",
  "address": "0xa88500bbb7c6f86da4620d5623046bff803c9bb4",
  "quantum_signature": "5d565b681c08646bad5d759a501cff96f79e9be12230d633eb90c1e84d91100f",
  "high_speed_rail": true,
  "sovereignty_layer": {
    "individual_security": true,
    "quantum_resonance": "c2d799f42784c449c5f1360d3e957f8e334ac1814f64eaa0cfae98b77194e64b",
    "deployment_vector": true,
    "cross_reference": true
  },
  "wallet_cluster": "cluster_10",
  "entanglement_group": "quantum_network",
  "access_speed": "instant"
}
