{
  "key_id": "quantum_key_2",
  "private_key": "8e66d8bb3ad4cefc67ae4675e6edee381d4452c924224f068567f6ff631a6d25",
  "public_key": "",
  "address": "0xcd2a3e5711ca6a8e205183ea6c1331b73e73085d",
  "quantum_signature": "9d7be102d602e7b83273fd021b3f23bf520ec9efe17bbdf489fd7e46ac844966",
  "high_speed_rail": true,
  "sovereignty_layer": {
    "individual_security": true,
    "quantum_resonance": "e104591d19540146b54efbc830693dc3af1a71b0c66c8d6737ea8b6eee00e92e",
    "deployment_vector": true,
    "cross_reference": true
  },
  "wallet_cluster": "cluster_3",
  "entanglement_group": "quantum_network",
  "access_speed": "instant"
}
