{
  "key_id": "quantum_key_13",
  "private_key": "99a6e485e6cc7cef5bcdd8cbc626644facba40d9eb93e3337fea9e5973eacb51",
  "public_key": "",
  "address": "0x4ee4043201d1ac7cf81636264ba55b559aab4a35",
  "quantum_signature": "e0805262de6b6a5ca16279e7987ac8c944ec84a0ee6b2618dabfd6259fed49e5",
  "high_speed_rail": true,
  "sovereignty_layer": {
    "individual_security": true,
    "quantum_resonance": "035e1efb9c6b4b1e5a5eb24743d5bc3ad96a085be234f981644c116b3e60e638",
    "deployment_vector": true,
    "cross_reference": true
  },
  "wallet_cluster": "cluster_4",
  "entanglement_group": "quantum_network",
  "access_speed": "instant"
}
