{
  "key_id": "quantum_key_28",
  "private_key": "1d91fc3460e8854fb4ee9962574df998c81d1cd1c9665eb8e16932ec2c516607",
  "public_key": "",
  "address": "0x8bdbfaad4c4c89678facd6e3dc0f3c51498219dd",
  "quantum_signature": "83089019a639de8fbd397825c7c6b925e5064b7018d0fecb74aaeb0109f1bc73",
  "high_speed_rail": true,
  "sovereignty_layer": {
    "individual_security": true,
    "quantum_resonance": "f584d65070601d43ae15e1fda6931af2e6d2e981ce5159fd50a3d07381af4a75",
    "deployment_vector": true,
    "cross_reference": true
  },
  "wallet_cluster": "cluster_9",
  "entanglement_group": "quantum_network",
  "access_speed": "instant"
}
