{
  "key_id": "quantum_key_20",
  "private_key": "61bb28c336e06bf051c8959b9cfb28c038ab11cabd88963f5d9f979826489f99",
  "public_key": "",
  "address": "0x32dc802a645cc5b0aba6164350864da3854269e5",
  "quantum_signature": "6f3170a4f75cd1f148cc0d2c4926b67c5eb3bcd08658500bc74f5784a479ee0a",
  "high_speed_rail": true,
  "sovereignty_layer": {
    "individual_security": true,
    "quantum_resonance": "cafa3f508941b3e7620538c45d0b145cb3c3454e812742104cb9846c5106489d",
    "deployment_vector": true,
    "cross_reference": true
  },
  "wallet_cluster": "cluster_1",
  "entanglement_group": "quantum_network",
  "access_speed": "instant"
}
