{
  "key_id": "quantum_key_31",
  "private_key": "cc4eda340ecaaadd417ab53b4bd6331334cecdf02c733e7c143bf9d66a3f94d9",
  "public_key": "",
  "address": "0xd36c8b4daa8a1825746b0e57eca5bceee183cd71",
  "quantum_signature": "4c0b10c7b61f3d95309761b7bef5aa58f34953d728ef6e400ebe64336e278243",
  "high_speed_rail": true,
  "sovereignty_layer": {
    "individual_security": true,
    "quantum_resonance": "500dfa8ceb03ac26109ff5ed91ee5162c835c9de28e51007a384c24a6ec93762",
    "deployment_vector": true,
    "cross_reference": true
  },
  "wallet_cluster": "cluster_2",
  "entanglement_group": "quantum_network",
  "access_speed": "instant"
}
