{
  "key_id": "quantum_key_38",
  "private_key": "42deb2f2152d1ae3dd1c4aff36409d1588717bc6b705b9fca92dcd7993fc3efa",
  "public_key": "",
  "address": "0x4cd86a1d7c7662eb695a7379f2a803eaa510e615",
  "quantum_signature": "3a0d58b39e507a741aaabc4e3e7e52060a03ed05b9c539108eba2b87fa8c285f",
  "high_speed_rail": true,
  "sovereignty_layer": {
    "individual_security": true,
    "quantum_resonance": "855015851171dfa58336dc4e654d2246383487a3a01caa0ef954d4b14470b2c9",
    "deployment_vector": true,
    "cross_reference": true
  },
  "wallet_cluster": "cluster_9",
  "entanglement_group": "quantum_network",
  "access_speed": "instant"
}
