{
  "key_id": "quantum_key_8",
  "private_key": "46f9e1b8a0181e87aa7c525d89d73780183d288007e808ac20679e4169479004",
  "public_key": "",
  "address": "0xc9e3f3ba25da3b5c7369d3cf906af326bfacf16f",
  "quantum_signature": "e77c7fbf024ed724db8eeec402f355c279eb55fa784956b6452d05180b8e20b6",
  "high_speed_rail": true,
  "sovereignty_layer": {
    "individual_security": true,
    "quantum_resonance": "6fa48106291e3c45081ef496e1eebe87ea32d816ba5429f7e057911f165ca091",
    "deployment_vector": true,
    "cross_reference": true
  },
  "wallet_cluster": "cluster_9",
  "entanglement_group": "quantum_network",
  "access_speed": "instant"
}
