{
  "key_id": "quantum_key_25",
  "private_key": "978eba1f9f6472c731fcd2febea6a24f9e6e36c57ddab772b971a1014623946c",
  "public_key": "",
  "address": "0x0d208b6c5dab9ef4dbe95b3933ea418312bb933d",
  "quantum_signature": "248e837e655068d69dd281c3c3af5bc5e14eb71905cf22e2edff8213c98e6bb1",
  "high_speed_rail": true,
  "sovereignty_layer": {
    "individual_security": true,
    "quantum_resonance": "181c8b016b7a63883f69f9c2721c8c8f20ce657a2b651efa32eb03fa20f186c8",
    "deployment_vector": true,
    "cross_reference": true
  },
  "wallet_cluster": "cluster_6",
  "entanglement_group": "quantum_network",
  "access_speed": "instant"
}
