{
  "key_id": "quantum_key_6",
  "private_key": "008636f5ad76994099c1c2607ae142a3ef737786c94a7d6d21390b42cc1df3f4",
  "public_key": "",
  "address": "0xc4bf3c2cf20fa0966c2a3b801117557380dfbb9f",
  "quantum_signature": "707a02ebb32da36d26ff8607b364b543934647fc897a3ee375686687ed2d0ef9",
  "high_speed_rail": true,
  "sovereignty_layer": {
    "individual_security": true,
    "quantum_resonance": "905ee68a1344ab053ed335cbf40147df3b18b0a164291334144a00c62820298d",
    "deployment_vector": true,
    "cross_reference": true
  },
  "wallet_cluster": "cluster_7",
  "entanglement_group": "quantum_network",
  "access_speed": "instant"
}
