{
  "key_id": "quantum_key_48",
  "private_key": "b41245f6f632efd34b96f74f9b790f6ddf9d64c2169d4ed61f962262b6be575c",
  "public_key": "",
  "address": "0xf266f807ae36a673135da35b49becdec93d0ac30",
  "quantum_signature": "0a5d264b4326cd1765ef80645afe4d6ec2b9c728c2f7e2fa688fe0bf870efe69",
  "high_speed_rail": true,
  "sovereignty_layer": {
    "individual_security": true,
    "quantum_resonance": "f49e9ae50265932076b9574d724792e9b60ce272b3c67640df583c725d6ce44a",
    "deployment_vector": true,
    "cross_reference": true
  },
  "wallet_cluster": "cluster_9",
  "entanglement_group": "quantum_network",
  "access_speed": "instant"
}
