{"_format":"","paths":{"artifacts":"out","build_infos":"out/build-info","sources":"contracts","tests":"test","scripts":"script","libraries":["lib"]},"files":{"contracts/ASCWRegistry.sol":{"lastModificationDate":1768993269297,"contentHash":"2272a4113a8a3c71","interfaceReprHash":null,"sourceName":"contracts/ASCWRegistry.sol","imports":[],"versionRequirement":"^0.8.20","artifacts":{"ASCWRegistry":{"0.8.33":{"default":{"path":"ASCWRegistry.sol/ASCWRegistry.json","build_id":"4e5e96bed51622b4"}}}},"seenByCompiler":true},"contracts/FlashbotsDeployer.sol":{"lastModificationDate":1768993813138,"contentHash":"89f3ae3631018573","interfaceReprHash":null,"sourceName":"contracts/FlashbotsDeployer.sol","imports":[],"versionRequirement":"^0.8.20","artifacts":{"FlashbotsDeployer":{"0.8.33":{"default":{"path":"FlashbotsDeployer.sol/FlashbotsDeployer.json","build_id":"3776de623993494f"}}},"IBalancerVault":{"0.8.33":{"default":{"path":"FlashbotsDeployer.sol/IBalancerVault.json","build_id":"3776de623993494f"}}},"IERC20":{"0.8.33":{"default":{"path":"FlashbotsDeployer.sol/IERC20.json","build_id":"3776de623993494f"}}},"IUniswapV2Router":{"0.8.33":{"default":{"path":"FlashbotsDeployer.sol/IUniswapV2Router.json","build_id":"3776de623993494f"}}}},"seenByCompiler":true},"contracts/VINOGenesis.sol":{"lastModificationDate":1768993269300,"contentHash":"1456903666502ca6","interfaceReprHash":null,"sourceName":"contracts/VINOGenesis.sol","imports":[],"versionRequirement":"^0.8.20","artifacts":{"IArbitrageBot":{"0.8.33":{"default":{"path":"VINOGenesis.sol/IArbitrageBot.json","build_id":"4e5e96bed51622b4"}}},"ICrossChainBridge":{"0.8.33":{"default":{"path":"VINOGenesis.sol/ICrossChainBridge.json","build_id":"4e5e96bed51622b4"}}},"IERC20":{"0.8.33":{"default":{"path":"VINOGenesis.sol/IERC20.json","build_id":"4e5e96bed51622b4"}}},"IFlashLoanProvider":{"0.8.33":{"default":{"path":"VINOGenesis.sol/IFlashLoanProvider.json","build_id":"4e5e96bed51622b4"}}},"VINOGenesis":{"0.8.33":{"default":{"path":"VINOGenesis.sol/VINOGenesis.json","build_id":"4e5e96bed51622b4"}}},"VINOGenesisToken":{"0.8.33":{"default":{"path":"VINOGenesis.sol/VINOGenesisToken.json","build_id":"4e5e96bed51622b4"}}}},"seenByCompiler":true}},"builds":["3776de623993494f","4e5e96bed51622b4"],"profiles":{"default":{"solc":{"optimizer":{"enabled":true,"runs":200,"details":{"yul":true}},"metadata":{"useLiteralContent":false,"bytecodeHash":"ipfs","appendCBOR":true},"outputSelection":{"*":{"*":["abi","evm.bytecode.object","evm.bytecode.sourceMap","evm.bytecode.linkReferences","evm.deployedBytecode.object","evm.deployedBytecode.sourceMap","evm.deployedBytecode.linkReferences","evm.deployedBytecode.immutableReferences","evm.methodIdentifiers","metadata"]}},"evmVersion":"shanghai","viaIR":true,"libraries":{}},"vyper":{"evmVersion":"shanghai","outputSelection":{"*":{"*":["abi","evm.bytecode","evm.deployedBytecode"]}}}}},"preprocessed":false,"mocks":[]}