{
  "sovereignty_id": "sovereign_wallet_14",
  "individual_security": {
    "quantum_signature": "e97aef4d64147c9adcea667d403337003e031d047f28ec98814f072f051c0a63",
    "private_key_control": true,
    "sovereign_authority": true,
    "quantum_resistance": true
  },
  "free_will_assignment": {
    "self_assigned": true,
    "private_key": "227104df9a2be18e35d339ca5c6c424e0a8ae2bd17fc84d80c4bd23ebf907907",
    "quantum_resonance": "0f9b11ba49ca505e9ad69bc7bcbe026f6266dfc71908f6d655eb2339fbe50cec",
    "sovereign_activation": true
  },
  "cross_reference": {
    "can_reference": true,
    "existing_data_access": true,
    "network_sharing": true,
    "quantum_link": true
  },
  "sovereign_network": {
    "member": true,
    "network_id": "quantum_sovereign_network",
    "interconnected": true,
    "collective_security": true
  }
}
