{
  "sovereignty_id": "sovereign_wallet_2",
  "individual_security": {
    "quantum_signature": "724cd279b20e2bcfbed0b2b622f98d4b9fada1d0930b6aff291b09b7927f1d6d",
    "private_key_control": true,
    "sovereign_authority": true,
    "quantum_resistance": true
  },
  "free_will_assignment": {
    "self_assigned": true,
    "private_key": "e27440d8fcc12fbb3cf9d2ecbe92182b68cae98b659c9d6b5d42ffd0d7fdca80",
    "quantum_resonance": "d06d017f4cdf3446ef8cff31e86f7c7d6c36fddf0895622f6f43dad751fc252d",
    "sovereign_activation": true
  },
  "cross_reference": {
    "can_reference": true,
    "existing_data_access": true,
    "network_sharing": true,
    "quantum_link": true
  },
  "sovereign_network": {
    "member": true,
    "network_id": "quantum_sovereign_network",
    "interconnected": true,
    "collective_security": true
  }
}
