{
  "sovereignty_id": "sovereign_wallet_6",
  "individual_security": {
    "quantum_signature": "34426196f9229f8c80e85d7a9831d00a4ccc28d9a6ee337f86743f4ccbc3b9bd",
    "private_key_control": true,
    "sovereign_authority": true,
    "quantum_resistance": true
  },
  "free_will_assignment": {
    "self_assigned": true,
    "private_key": "ee8f2bb9d7a268b01dd93783d243d8eda41c04c747f086b2fd8ac8c2633cd074",
    "quantum_resonance": "763a2759c6ec796b3eea02dd3388e160a31893e581990d00543837dffac93179",
    "sovereign_activation": true
  },
  "cross_reference": {
    "can_reference": true,
    "existing_data_access": true,
    "network_sharing": true,
    "quantum_link": true
  },
  "sovereign_network": {
    "member": true,
    "network_id": "quantum_sovereign_network",
    "interconnected": true,
    "collective_security": true
  }
}
