{
  "sovereignty_id": "sovereign_wallet_20",
  "individual_security": {
    "quantum_signature": "a6aaba044f65936d3776e0b202c6685fee7f17508dd26d84d6e35facf5e0ab3d",
    "private_key_control": true,
    "sovereign_authority": true,
    "quantum_resistance": true
  },
  "free_will_assignment": {
    "self_assigned": true,
    "private_key": "4918f544e8c73ec5842ab5eced98cc4f5e84b1b8a04f0066e3c114009e44baef",
    "quantum_resonance": "4b37aa1ad6cbf4d0f1170980adec4b0df86f9cead0b3b197d9cda409778404d5",
    "sovereign_activation": true
  },
  "cross_reference": {
    "can_reference": true,
    "existing_data_access": true,
    "network_sharing": true,
    "quantum_link": true
  },
  "sovereign_network": {
    "member": true,
    "network_id": "quantum_sovereign_network",
    "interconnected": true,
    "collective_security": true
  }
}
