{
  "sovereignty_id": "sovereign_wallet_12",
  "individual_security": {
    "quantum_signature": "34c6728b323b0a63ba2a221d1c3a8902f0ac6e3423e79362720d8e4e2c069b65",
    "private_key_control": true,
    "sovereign_authority": true,
    "quantum_resistance": true
  },
  "free_will_assignment": {
    "self_assigned": true,
    "private_key": "56064b40c38a87cd2fa0b3fc2c01af7a0038d9153b0744fb610c1fdcae58a708",
    "quantum_resonance": "e52ff051b82fa29bb89c422fa565f99850efdd0ab24f773331c4999577bfceb9",
    "sovereign_activation": true
  },
  "cross_reference": {
    "can_reference": true,
    "existing_data_access": true,
    "network_sharing": true,
    "quantum_link": true
  },
  "sovereign_network": {
    "member": true,
    "network_id": "quantum_sovereign_network",
    "interconnected": true,
    "collective_security": true
  }
}
