{
  "sovereignty_id": "sovereign_wallet_8",
  "individual_security": {
    "quantum_signature": "3bea52a85b37df11e4669a948b0c27ca11379b4fcd11129b46444fb034cac016",
    "private_key_control": true,
    "sovereign_authority": true,
    "quantum_resistance": true
  },
  "free_will_assignment": {
    "self_assigned": true,
    "private_key": "90774c7eaa1fe1665ee379b84bd81a0f6aee60d0f2272f272d9a43bdee0d0f2a",
    "quantum_resonance": "80c0c21421388d8e02dbed6d55999f8c7b5af2fc5beee28e2fd7de49f724b36d",
    "sovereign_activation": true
  },
  "cross_reference": {
    "can_reference": true,
    "existing_data_access": true,
    "network_sharing": true,
    "quantum_link": true
  },
  "sovereign_network": {
    "member": true,
    "network_id": "quantum_sovereign_network",
    "interconnected": true,
    "collective_security": true
  }
}
