{
  "sovereignty_id": "sovereign_wallet_1",
  "individual_security": {
    "quantum_signature": "9c5e24dd29215d26833f79d69b49ef69bd1c362d4d09af051e7173a30d21fa27",
    "private_key_control": true,
    "sovereign_authority": true,
    "quantum_resistance": true
  },
  "free_will_assignment": {
    "self_assigned": true,
    "private_key": "23980a77c8591071d5eb0f6ae497882ec577b49fd8ab34753de238ddcae6610b",
    "quantum_resonance": "38b39dce8183a9a81b8b1fa0cb7be952438317f1f5a35a311eefc96ba84f6a94",
    "sovereign_activation": true
  },
  "cross_reference": {
    "can_reference": true,
    "existing_data_access": true,
    "network_sharing": true,
    "quantum_link": true
  },
  "sovereign_network": {
    "member": true,
    "network_id": "quantum_sovereign_network",
    "interconnected": true,
    "collective_security": true
  }
}
