{
  "sovereignty_id": "sovereign_wallet_18",
  "individual_security": {
    "quantum_signature": "5a67f851ae5a6165bfee18d996025251d4396c7b62240f5842d403d496a2e5c1",
    "private_key_control": true,
    "sovereign_authority": true,
    "quantum_resistance": true
  },
  "free_will_assignment": {
    "self_assigned": true,
    "private_key": "319e2fdbcee7d34a77327d3445ff16b107fd463a8aa33560f7717b83439b389b",
    "quantum_resonance": "d8f2a03949775bf2217683fe13dfec7bf0e16d29c35b5331df9077ec8a792fa9",
    "sovereign_activation": true
  },
  "cross_reference": {
    "can_reference": true,
    "existing_data_access": true,
    "network_sharing": true,
    "quantum_link": true
  },
  "sovereign_network": {
    "member": true,
    "network_id": "quantum_sovereign_network",
    "interconnected": true,
    "collective_security": true
  }
}
