{
  "sovereignty_id": "sovereign_wallet_19",
  "individual_security": {
    "quantum_signature": "e9e005ca61496a610a57da45076522cf92bb047f12951a3f9a4aa583f0cd6b88",
    "private_key_control": true,
    "sovereign_authority": true,
    "quantum_resistance": true
  },
  "free_will_assignment": {
    "self_assigned": true,
    "private_key": "3bca94d3968be787a1c4cb6ba3819baf4970c8f456f9fb25f04a7819abac6748",
    "quantum_resonance": "fb8d4cc8d0dcbc85ab2899359ff41545d83608194234e888a488a6af9b2b7579",
    "sovereign_activation": true
  },
  "cross_reference": {
    "can_reference": true,
    "existing_data_access": true,
    "network_sharing": true,
    "quantum_link": true
  },
  "sovereign_network": {
    "member": true,
    "network_id": "quantum_sovereign_network",
    "interconnected": true,
    "collective_security": true
  }
}
