{
  "sovereignty_id": "sovereign_wallet_5",
  "individual_security": {
    "quantum_signature": "3e9ca136fe3ce791971f5ed712a6d1fad7d7f8a0c465a141c11d3f47a103105c",
    "private_key_control": true,
    "sovereign_authority": true,
    "quantum_resistance": true
  },
  "free_will_assignment": {
    "self_assigned": true,
    "private_key": "86de3da73055903131e5a8695b1738a2afcbf580fb6a9bb9cb88018359453209",
    "quantum_resonance": "b89b786663d702a843aab6f03c5f7133befeb3a8756d0bfe119dc470b8b81527",
    "sovereign_activation": true
  },
  "cross_reference": {
    "can_reference": true,
    "existing_data_access": true,
    "network_sharing": true,
    "quantum_link": true
  },
  "sovereign_network": {
    "member": true,
    "network_id": "quantum_sovereign_network",
    "interconnected": true,
    "collective_security": true
  }
}
