{
  "sovereignty_id": "sovereign_wallet_17",
  "individual_security": {
    "quantum_signature": "5b431137575080afc95867ce535ff331813bccafecb19f0836d7a98a0ab86611",
    "private_key_control": true,
    "sovereign_authority": true,
    "quantum_resistance": true
  },
  "free_will_assignment": {
    "self_assigned": true,
    "private_key": "0628225356d04a8ef10d8f7cf3ff06747fc31525bc2fbad643448442d1498332",
    "quantum_resonance": "c9cce4182e26d83b13cb08e13d42a76782e2849312e9a806fd8ee708ea40ba97",
    "sovereign_activation": true
  },
  "cross_reference": {
    "can_reference": true,
    "existing_data_access": true,
    "network_sharing": true,
    "quantum_link": true
  },
  "sovereign_network": {
    "member": true,
    "network_id": "quantum_sovereign_network",
    "interconnected": true,
    "collective_security": true
  }
}
