{
  "algorithm": "entropy_reversal",
  "type": "negative_entropy",
  "gas_optimization": true,
  "efficiency_improvement": "99.9%",
  "profit_generation": true,
  "quantum_resistance": true,
  "implementation": {
    "code": "46122624a1750e68ee49f98151cbcefc200d4b4a0ade0abb5d269dfb2fa82bad1c219a17f53789b466f4dbdfc7e2b2ac4bdf090271685fd2aeb76106ef1d7a7c",
    "parameters": {
      "optimization_level": "maximum",
      "efficiency_target": "quantum_perfect",
      "profit_margin": "positive"
    }
  }
}
