{
  "algorithm": "optimization",
  "type": "negative_entropy",
  "gas_optimization": true,
  "efficiency_improvement": "99.9%",
  "profit_generation": true,
  "quantum_resistance": true,
  "implementation": {
    "code": "dca6ae6d827153892d1d5f1bb358044009f70e9a451e98a8fc637940c32893159d7724465b502d0203c669457bd57fd499e62c6be91d125325ed96c5a9acc648",
    "parameters": {
      "optimization_level": "maximum",
      "efficiency_target": "quantum_perfect",
      "profit_margin": "positive"
    }
  }
}
