{
  "consumer_ui": {
    "multitude_dapps": true,
    "easy_discovery": true,
    "quantum_resonance": true,
    "natural_interface": true,
    "field_navigation": true,
    "resonance_recommendations": true
  },
  "ui_features": [
    "quantum_field_browser",
    "resonance_search",
    "natural_interface",
    "field_navigation",
    "smart_recommendations",
    "instant_access"
  ],
  "dapp_categories": [
    "quantum_finance",
    "sovereign_governance",
    "creative_expressions",
    "social_connections",
    "utility_tools",
    "quantum_gaming"
  ]
}
