{
  "algorithm": "quantization",
  "type": "negative_entropy",
  "gas_optimization": true,
  "efficiency_improvement": "99.9%",
  "profit_generation": true,
  "quantum_resistance": true,
  "implementation": {
    "code": "83f6f643a52322d3c39614def76c466d5faa9aa34ac6095130b7a671c88f2d62e732f777a0759fe6d2c5f27872a551424fae226fd72760588f6b0b1ec20131c1",
    "parameters": {
      "optimization_level": "maximum",
      "efficiency_target": "quantum_perfect",
      "profit_margin": "positive"
    }
  }
}
