{
  "algorithm": "space_inversion",
  "type": "negative_entropy",
  "gas_optimization": true,
  "efficiency_improvement": "99.9%",
  "profit_generation": true,
  "quantum_resistance": true,
  "implementation": {
    "code": "96eb996ed35822593f44cb1cfcd0a1391abde5898f23b1dffd83da4c631d0e52846145b1da20b84958e808cea16561d3c080e31ce04892f1479a057cd3a04bcd",
    "parameters": {
      "optimization_level": "maximum",
      "efficiency_target": "quantum_perfect",
      "profit_margin": "positive"
    }
  }
}
