{
  "negative_entropy": {
    "space_inversion": true,
    "entropy_reversal": true,
    "gas_quantization": true,
    "efficiency_rewards": true,
    "quantum_optimization": true,
    "profit_generation": true
  },
  "gas_optimization": [
    "negative_space_inversion",
    "entropy_reversal_mechanism",
    "gas_quantization_algorithm",
    "efficiency_reward_system",
    "quantum_optimization_engine",
    "profit_generation_protocol"
  ],
  "efficiency_metrics": {
    "gas_reduction": "99.9%",
    "profit_generation": "positive",
    "transaction_cost": "negative",
    "energy_efficiency": "quantum_optimized"
  }
}
