{
  "level": 1,
  "base_wallet": "base_144_2",
  "replication_count": 144,
  "wallets_created": 144,
  "quantum_signature": "2c8d2dcdc4848e2f76432193067f8a7084dd000ec768cc3d20bde4f9818249a1",
  "high_speed_rail_keys": [
    "acb6354ae10672bb53feaae31e10ee032cc80453c65e77e3bb505d730b7ee1f5","c2284dfdefc9a1c3ed6c017844499925bfd3ed488d920b8b3174aca1cd1c7293","bd84c6ff1d5c4b92c3fb463f837cca42353fdab611eacad8560222b57a699c79","9a7f629ceceabfceb5911535db7e3179d9ea08ea4675ebac05474afb7a096ead","b7466d779fcd9ff8ae0e08e9e257e81675c355dfcb59d9caa3bee73ed8e2dd54"
  ],
  "sovereignty_layers": 144,
  "entanglement_network": "level_1_cluster_2",
  "negative_entropy_optimized": true
}
