{
  "trustRoot": "441110111613564144",
  "generated": "2026-01-21T11:46:07Z",
  "wallets": [
    {"chainId": 1, "name": "Ethereum", "address": "0x7779e8966DA7ED0ef12F4A2D5eA593f21CfD2625"},
    {"chainId": 137, "name": "Polygon", "address": "0x5735b83067021c6e404DdBf91Db7340e77bDe6eb"},
    {"chainId": 42161, "name": "Arbitrum", "address": "0xB68263EC145f6758aeA7Bc60954f3Da8DD8506f2"},
    {"chainId": 10, "name": "Optimism", "address": "0xC2Aee482783598bcF7d2A1266fcEe93d36a6EeF7"},
    {"chainId": 8453, "name": "Base", "address": "0x038332edEa695175C2d586C3a4aD943275948Bfc"},
    {"chainId": 324, "name": "zkSync", "address": "0xE3cCbe5990875F046133E5eF632C5665D9413684"},
    {"chainId": 43114, "name": "Avalanche", "address": "0x618Bb70c0938d4f3f9618e40bF8E792cd52AC203"},
    {"chainId": 56, "name": "BSC", "address": "0xa34d7F83ddEE0498F5f5Ecef310F3aF2bDD5069d"},
    {"chainId": 250, "name": "Fantom", "address": "0x1fc12f89e3807132318DB17Fb4d3E11209eeB401"},
    {"chainId": 100, "name": "Gnosis", "address": "0x848CE253172986857f76593ACE2e4Fcd757C4D1a"},
    {"chainId": 42220, "name": "Celo", "address": "0xe5E20216778b22b22ec7912Fd86aE74DFa3D505F"},
    {"chainId": 1284, "name": "Moonbeam", "address": "0x6B4c1a842771d5F68d1C805A8fC5BEb7ff6F019d"},
    {"chainId": 1088, "name": "Metis", "address": "0x3186875bDA9CF6E92d34f5f52FE31e15cFf39dA9"},
    {"chainId": 2222, "name": "Kava", "address": "0x10BcE09CB9dBb4e6ef75219f94f11aE6f1109fE0"},
    {"chainId": 59144, "name": "Linea", "address": "0x3C02d10a7EF06846b2dD99b02BBf323baA946B0F"},
    {"chainId": 534352, "name": "Scroll", "address": "0xf9C54068ED81460Dc986E017D39F78E1F65475e8"},
    {"chainId": 5000, "name": "Mantle", "address": "0x405e8E20CE036eCbBC3750d3e48eB8325b3921A3"},
    {"chainId": 169, "name": "Manta", "address": "0x6e2e71ECF6cf34faf452f8707ebB39b84CAc22bC"},
    {"chainId": 81457, "name": "Blast", "address": "0x6358462eF018cF31936F790D9f80CC2D7fc7F8bd"},
    {"chainId": 34443, "name": "Mode", "address": "0xb8D9537BA3FfF38cAC1ea5E5a51c9B5ed604BBB0"},
    {"chainId": 25, "name": "Cronos", "address": "0x636ae98CB76e2507784b630cA33FB2639d629835"},
    {"chainId": 1313161554, "name": "Aurora", "address": "0x6D04057e92f1F3341cEb0e978Ff00582Db993Ab7"},
    {"chainId": 1666600000, "name": "Harmony", "address": "0x03f6Fdff970d47770C1F73b9845b51d023B6078c"},
    {"chainId": 8217, "name": "Klaytn", "address": "0x96bA890831759061324D086B72B7Cc3dd10D87AD"},
    {"chainId": 122, "name": "Fuse", "address": "0xf336bDAA0EE63A19Ff9a54acdD158714F301B12c"},
    {"chainId": 288, "name": "Boba", "address": "0xe8B908F7a1b7A0cA9F131Ed0E7E407d1Af5e9DD3"},
    {"chainId": 592, "name": "Astar", "address": "0xAa0d6A610d0796c94149EabEb61Ce485a8770b56"},
    {"chainId": 1285, "name": "Moonriver", "address": "0x8851942D443aDD9e7AEcd6DdfC6127aA1d998816"},
    {"chainId": 42262, "name": "Oasis", "address": "0xb84c6f18d4fad3c23C51e2DFb9049f7501CC8fc7"},
    {"chainId": 9001, "name": "Evmos", "address": "0xFBfA096342bcF66eEC0fa87D3b3047744aE3F214"},
    {"chainId": 7700, "name": "Canto", "address": "0x0397c581367EB5f71A61C6Ef5Ea1e1F335838e04"},
    {"chainId": 40, "name": "Telos", "address": "0xb3b08041d0581C82B3D734A39E74895f8A6EBf45"},
    {"chainId": 106, "name": "Velas", "address": "0x441Fa5B22060525EA15eE630418e13CAe6554C51"},
    {"chainId": 57, "name": "Syscoin", "address": "0x4C34a30C9343Cfe254606Aed6238B514924644DB"},
    {"chainId": 4689, "name": "IoTeX", "address": "0x09Ff4ef9aBD158DD42d300Cd5d29E1679Dcd114A"},
    {"chainId": 30, "name": "Rootstock", "address": "0x522d2a6332f91FCF7E4A51F1255EF3fE51792Da8"},
    {"chainId": 108, "name": "ThunderCore", "address": "0x07537eA5b74C6a4bc768C37E2bF2C1E9C9821240"},
    {"chainId": 1116, "name": "Core", "address": "0xe85059D209E4AAf25036DF6D8AEb92ba18a9c717"},
    {"chainId": 369, "name": "PulseChain", "address": "0x48e48be470c6185B2C898b1c5D430bAa42bE592f"}
  ]
}
