{
  "key_id": "quantum_key_19",
  "private_key": "c50238a718e2c692fc6f5e70bad9ddc47bd27c27b19fd857a2036fb947ebcce2",
  "public_key": "",
  "address": "0x1102b0a21215fb081f67f23f4b9441e996f0a619",
  "quantum_signature": "4c824210fe45f92578640c952313839ecee959bde0099a58e6ef30ec0e5131ff",
  "high_speed_rail": true,
  "sovereignty_layer": {
    "individual_security": true,
    "quantum_resonance": "a854f325ca721b6a2ca8374666a7934509b536a13df9d84ea5461113bf2d62d0",
    "deployment_vector": true,
    "cross_reference": true
  },
  "wallet_cluster": "cluster_10",
  "entanglement_group": "quantum_network",
  "access_speed": "instant"
}
