{
  "key_id": "quantum_key_33",
  "private_key": "b06f7b6eb533070b505a2f4c220af7b57bcbec8b90b4152e1e5355ac6313027d",
  "public_key": "",
  "address": "0x323022023ab38b80d5123dfc8df0b4ef78e5c869",
  "quantum_signature": "2b5849bd37229f8a01238cb7370cf83c518ef2f2979e1b090bcb7dfb91226466",
  "high_speed_rail": true,
  "sovereignty_layer": {
    "individual_security": true,
    "quantum_resonance": "a843e6f586a74f6b1cc96fe4c0e7faea876c26e1bcf986143401f76eb6fdf9d6",
    "deployment_vector": true,
    "cross_reference": true
  },
  "wallet_cluster": "cluster_4",
  "entanglement_group": "quantum_network",
  "access_speed": "instant"
}
