{
  "key_id": "quantum_key_3",
  "private_key": "a862c9133a2dc923637b0f400d09ec310ab84ffb63ec345374fb763f8225c906",
  "public_key": "",
  "address": "0x88fe342f5901846189331a8163e9fc22e0b4b052",
  "quantum_signature": "2db71b2341ee23c058c69b477daa36be28f7e26357615d73deeb57eb33c2e609",
  "high_speed_rail": true,
  "sovereignty_layer": {
    "individual_security": true,
    "quantum_resonance": "c9ed4acc951ebab681acbf7db97751bcac815f42aa3e1ab548d7809ae038ac48",
    "deployment_vector": true,
    "cross_reference": true
  },
  "wallet_cluster": "cluster_4",
  "entanglement_group": "quantum_network",
  "access_speed": "instant"
}
