{
  "key_id": "quantum_key_40",
  "private_key": "bace589808a50c6501239dace516c523a959e489ab62c5afb16748512bc0d56f",
  "public_key": "",
  "address": "0x80871754bc14737ec1530b4124e680ad966a195f",
  "quantum_signature": "34ea1ff1e40fa09657c26d954d3f8fbf75099ddba962a9ea842290b6954685a8",
  "high_speed_rail": true,
  "sovereignty_layer": {
    "individual_security": true,
    "quantum_resonance": "6735b2a517fe05012e715d3746f7dc8fc76ef4f144163f84cc23e6f018044218",
    "deployment_vector": true,
    "cross_reference": true
  },
  "wallet_cluster": "cluster_1",
  "entanglement_group": "quantum_network",
  "access_speed": "instant"
}
