{
  "key_id": "quantum_key_45",
  "private_key": "0258dc797559e823057bb7f07401bf8751c2ac4f5f1f78d2df90e5501218bf6c",
  "public_key": "",
  "address": "0x86c48b42195047f026b16b8bf35b77d3c273ebed",
  "quantum_signature": "929e357309cc81896b5a9b9bf84aa6b5e05c2b0f141e5317f35e54d04f4f1eb3",
  "high_speed_rail": true,
  "sovereignty_layer": {
    "individual_security": true,
    "quantum_resonance": "73e6ede208f93188c424ce890f4a60e3dd582afd4de4064f6b07fff1db8bd5d1",
    "deployment_vector": true,
    "cross_reference": true
  },
  "wallet_cluster": "cluster_6",
  "entanglement_group": "quantum_network",
  "access_speed": "instant"
}
