{
  "key_id": "quantum_key_7",
  "private_key": "e892c63937eee5a1d62085d662e8a75328b6018f1bf48871952775cf930c2cf3",
  "public_key": "",
  "address": "0xc9942dd142d4017f9166a0fba661e92a6ad1cd22",
  "quantum_signature": "2a05c2407aaf0a6917f6b89fa616b01188264c8c150e672c605c714d056f9f94",
  "high_speed_rail": true,
  "sovereignty_layer": {
    "individual_security": true,
    "quantum_resonance": "88c56e41a0d417ca6e9c50203a269ead5ceecf2316677a5057ddb56ed22769a6",
    "deployment_vector": true,
    "cross_reference": true
  },
  "wallet_cluster": "cluster_8",
  "entanglement_group": "quantum_network",
  "access_speed": "instant"
}
