{
  "key_id": "quantum_key_41",
  "private_key": "cfb166cfdca15f3f7b1aa59d9557d390cb8e4afd90ace5a003792e6364a183f2",
  "public_key": "",
  "address": "0x84c9d55ee4b6e550c5912b059b7928e8ac34cbf4",
  "quantum_signature": "33692fecb2c4cbde881b0fd2f02f1389f6a9603611e5a7a67b78d76892f183f6",
  "high_speed_rail": true,
  "sovereignty_layer": {
    "individual_security": true,
    "quantum_resonance": "19ef6c7b3e861927f9da567a87f03e1d6b97f973878700c313bb2f2ca462c87c",
    "deployment_vector": true,
    "cross_reference": true
  },
  "wallet_cluster": "cluster_2",
  "entanglement_group": "quantum_network",
  "access_speed": "instant"
}
