{
  "key_id": "quantum_key_39",
  "private_key": "88c6c6e154f5d46812f488085aa79db121465e75f810f676c2900ca4d69e30a4",
  "public_key": "",
  "address": "0x85aa2f02cf8f789c7ade8985a353c8639babd0f4",
  "quantum_signature": "f35fdf91e6b1990fb47880a86495bd4dc4389bade0f42dd25d7a3148ffb23b62",
  "high_speed_rail": true,
  "sovereignty_layer": {
    "individual_security": true,
    "quantum_resonance": "3f896492ab86eef49a215892c682595f85f99ba10f0a368af34bdfc94a28b904",
    "deployment_vector": true,
    "cross_reference": true
  },
  "wallet_cluster": "cluster_10",
  "entanglement_group": "quantum_network",
  "access_speed": "instant"
}
