{
  "key_id": "quantum_key_29",
  "private_key": "001c88e523ffcd791bc8cd011ac382260829941257b7b729c7810540a99e684f",
  "public_key": "",
  "address": "0x5e24bac8bcff08ff55ebff01d6810a49ff9c9a1f",
  "quantum_signature": "c14bfea05dadfb6d3c0b8dd3841214c71467945f00cba0e08ea49ab0226009d5",
  "high_speed_rail": true,
  "sovereignty_layer": {
    "individual_security": true,
    "quantum_resonance": "31f0749d2f0bc75cacbdc83d750245b17a5e10eba3682b92fc2fa89798bcccc8",
    "deployment_vector": true,
    "cross_reference": true
  },
  "wallet_cluster": "cluster_10",
  "entanglement_group": "quantum_network",
  "access_speed": "instant"
}
