{
  "key_id": "quantum_key_14",
  "private_key": "5b8d545490711281e806e71ba516942daea3a3eefd3b50764bc2b969bc50b3e7",
  "public_key": "",
  "address": "0x6e1ef6eb9d4b4bc11e292c68c07d8d4c8cd1bf6f",
  "quantum_signature": "46343d965fa25da163364da79239e8c2321f91e476514b7b73c0658f7be502b2",
  "high_speed_rail": true,
  "sovereignty_layer": {
    "individual_security": true,
    "quantum_resonance": "11996deaeff566a7d8f6225c9c30aa9b2284d04adecf75b925fd22650a6bb681",
    "deployment_vector": true,
    "cross_reference": true
  },
  "wallet_cluster": "cluster_5",
  "entanglement_group": "quantum_network",
  "access_speed": "instant"
}
