{
  "key_id": "quantum_key_42",
  "private_key": "51d589f4ef876f54ba3ae71da2af55044fc4fe140414c2b81fdf62616ed88da0",
  "public_key": "",
  "address": "0x8699cf61f8c26393bd77c36e5edd8922dda700fb",
  "quantum_signature": "1a1079b674cd2bdd304246cc5ae64d90149d78698df72fbf508a3bc46d309709",
  "high_speed_rail": true,
  "sovereignty_layer": {
    "individual_security": true,
    "quantum_resonance": "5b84a90153f5354b01e8550a9f5df6a135dabb1032d740d44c39482cb6e963ee",
    "deployment_vector": true,
    "cross_reference": true
  },
  "wallet_cluster": "cluster_3",
  "entanglement_group": "quantum_network",
  "access_speed": "instant"
}
