{
  "key_id": "quantum_key_43",
  "private_key": "d5a38547777b45971fc0e75b9c39e5e1abd07c1e694a74069d09a2f1a550327b",
  "public_key": "",
  "address": "0x2239c734eb7477f02dcd46957ff3fe2270fa2749",
  "quantum_signature": "a8f027e701016e74aa02e1ebdb17dcf4b636d055caeca708c82bb39e1647d3f8",
  "high_speed_rail": true,
  "sovereignty_layer": {
    "individual_security": true,
    "quantum_resonance": "de0e82610c359bea0db01c79dec7443ded9a17b976417cda66d31be5d0de7323",
    "deployment_vector": true,
    "cross_reference": true
  },
  "wallet_cluster": "cluster_4",
  "entanglement_group": "quantum_network",
  "access_speed": "instant"
}
