{
  "key_id": "quantum_key_11",
  "private_key": "6e44861e1862365caab55378483e1b4ce8fdd9dfa20077610f087f149619240d",
  "public_key": "",
  "address": "0xd7e1a3247cdb9bc0a84f1dc77ab58692310c8055",
  "quantum_signature": "6d7924769a30364fb242a47030a68bc8c726d5c2193e2eb5969ae230494aafb8",
  "high_speed_rail": true,
  "sovereignty_layer": {
    "individual_security": true,
    "quantum_resonance": "7d3434d0b7c156f30da029b5eee71f7b618ea31d43d5013cab8c33fc757d593c",
    "deployment_vector": true,
    "cross_reference": true
  },
  "wallet_cluster": "cluster_2",
  "entanglement_group": "quantum_network",
  "access_speed": "instant"
}
