{
  "key_id": "quantum_key_32",
  "private_key": "9f6c30456b88ca77a61d2c45f498d76404ba95b6a8da73bf9e233316eb9fc78e",
  "public_key": "",
  "address": "0x061960143cba5e54598eea952296eb06a55067e8",
  "quantum_signature": "24a9707fb3565251774bae83701e76b585cf0b4ac8c2ef2b006caca79d2d5694",
  "high_speed_rail": true,
  "sovereignty_layer": {
    "individual_security": true,
    "quantum_resonance": "a14f05ebc983bdab5fe84ac78ff4aa7e9fe6dedf96da6298b52b1636bf51e6ca",
    "deployment_vector": true,
    "cross_reference": true
  },
  "wallet_cluster": "cluster_3",
  "entanglement_group": "quantum_network",
  "access_speed": "instant"
}
