{
  "key_id": "quantum_key_18",
  "private_key": "df099448f81578ae8882b06e78891d9b42be167f8c3eaa1e2bcc1e76e39d0799",
  "public_key": "",
  "address": "0xf4f57a784ebddf021e4cf4e53abab2585394cf99",
  "quantum_signature": "4f46ec730d0582ad9e6cec48d15d301f61dbc6e3356b86a0ce5b35bdbb703be3",
  "high_speed_rail": true,
  "sovereignty_layer": {
    "individual_security": true,
    "quantum_resonance": "5e335d22461eec992c671bb663e7cc995a4caf7afda42eb087e3767cb970de47",
    "deployment_vector": true,
    "cross_reference": true
  },
  "wallet_cluster": "cluster_9",
  "entanglement_group": "quantum_network",
  "access_speed": "instant"
}
