{
  "key_id": "quantum_key_30",
  "private_key": "e45602043f524e2529939ce2c43e1b78388877cb983c93510a24030c4af94e10",
  "public_key": "",
  "address": "0x087880b4b26ddc6cbd7effbf4ee2bdbd5c58ebd0",
  "quantum_signature": "9eab82110136d794faae339c7da007aa4f14c8d46dd8a3fe6c2175f1ea617e17",
  "high_speed_rail": true,
  "sovereignty_layer": {
    "individual_security": true,
    "quantum_resonance": "37718f0c48552a41fb1933cf1d593d95f8e88a47903ebb90d0704a19cbde22f9",
    "deployment_vector": true,
    "cross_reference": true
  },
  "wallet_cluster": "cluster_1",
  "entanglement_group": "quantum_network",
  "access_speed": "instant"
}
