{
  "key_id": "quantum_key_12",
  "private_key": "1b1c8470a46647a662cd08751fcfe03907ed02efd70f4542e70690a3ffc98f4c",
  "public_key": "",
  "address": "0xeae43db7739bcff46e21ef0a1487ab4fbc277881",
  "quantum_signature": "302d8b2f36c4b108b972fab10a2b6f0eaad73a39188ae13f2de0ebb8e27a15d0",
  "high_speed_rail": true,
  "sovereignty_layer": {
    "individual_security": true,
    "quantum_resonance": "da09821ecf11159959e2d48c948f44ab0a73be35268519f6f79bda463700594d",
    "deployment_vector": true,
    "cross_reference": true
  },
  "wallet_cluster": "cluster_3",
  "entanglement_group": "quantum_network",
  "access_speed": "instant"
}
