{
  "key_id": "quantum_key_37",
  "private_key": "567ab18c1fc107f6faa46fd0b6879552b93261907b24a64b7abf681abde669dc",
  "public_key": "",
  "address": "0x6751ea979a3fd94df2e8c8a47a9ed2a96a0f9c5e",
  "quantum_signature": "dc03eb431585d3cebf60854899da63eecc78d9dcaad8fb652e8ae50fca8ffbc4",
  "high_speed_rail": true,
  "sovereignty_layer": {
    "individual_security": true,
    "quantum_resonance": "266dc5bc2b85e33814b003403150741deac67b059aae6aa3ea10054c3763f1f2",
    "deployment_vector": true,
    "cross_reference": true
  },
  "wallet_cluster": "cluster_8",
  "entanglement_group": "quantum_network",
  "access_speed": "instant"
}
