{
  "key_id": "quantum_key_1",
  "private_key": "84320789d5b58a0d7e0cefdd36c8976c06760b55fa9219649906de1903b39b33",
  "public_key": "",
  "address": "0x4949f13be917fdb3946eb1427d09f1d4c5e9e85f",
  "quantum_signature": "8952f474ecc0d1f1e71eebb14a66d40c97439393a7c64e2c5543781c011b5dba",
  "high_speed_rail": true,
  "sovereignty_layer": {
    "individual_security": true,
    "quantum_resonance": "296f571158b4397bdc78b251225256da20cc943140288e8060a013e30b4975ee",
    "deployment_vector": true,
    "cross_reference": true
  },
  "wallet_cluster": "cluster_2",
  "entanglement_group": "quantum_network",
  "access_speed": "instant"
}
