{
  "key_id": "quantum_key_49",
  "private_key": "ef13fb2ad664f047a74534aa6edd08a8aac14a045cdacb5fbce6d3a3d5659086",
  "public_key": "",
  "address": "0xe9aaf5b67d14bd7d3ef981582764eaf3a28588a7",
  "quantum_signature": "e3213c02fac0aed9332c29fabf35a370818b1ed75a6e3ad0cca77ea1f6323bc0",
  "high_speed_rail": true,
  "sovereignty_layer": {
    "individual_security": true,
    "quantum_resonance": "4ceb4d160d1ef99bb76212ed4a0775ad64d57e41cebd504cef673a45c5cee6f2",
    "deployment_vector": true,
    "cross_reference": true
  },
  "wallet_cluster": "cluster_10",
  "entanglement_group": "quantum_network",
  "access_speed": "instant"
}
