{
  "key_id": "quantum_key_35",
  "private_key": "c72ea7919ae0a133ed7fe1268be66e6559f18f55be7dc0d70831f04543deb14c",
  "public_key": "",
  "address": "0x405097f0d0b71550c885ddcdbff8f228187b4d1c",
  "quantum_signature": "de5a6963d4d87809b432c9840a1f087f582998be184790f9390572a61aec55cd",
  "high_speed_rail": true,
  "sovereignty_layer": {
    "individual_security": true,
    "quantum_resonance": "2fef201d6dee4ee7fad17a32f3bccd96b7e03753587434334284570408ee5a08",
    "deployment_vector": true,
    "cross_reference": true
  },
  "wallet_cluster": "cluster_6",
  "entanglement_group": "quantum_network",
  "access_speed": "instant"
}
