{
  "key_id": "quantum_key_26",
  "private_key": "2c2dae6fa54274da3282f89e7d7176f5da7c9c48059860ea35931ca575c1247a",
  "public_key": "",
  "address": "0x1a76cd1d340fc8f458a9688ff7ba6b820ec24eea",
  "quantum_signature": "e21b21d2b79f7f4d31cdc9505ba8d19bdba34911c1986434f39f72290f3aa868",
  "high_speed_rail": true,
  "sovereignty_layer": {
    "individual_security": true,
    "quantum_resonance": "20114e102606940110d547d0d209a18283bc6c7ba0cfdace2d990d0b60b8867f",
    "deployment_vector": true,
    "cross_reference": true
  },
  "wallet_cluster": "cluster_7",
  "entanglement_group": "quantum_network",
  "access_speed": "instant"
}
