{
  "key_id": "quantum_key_47",
  "private_key": "2643b4f8d154ea918d114c35fc8c115feead75690d101e6f3cc4c7ec86d721bd",
  "public_key": "",
  "address": "0x46c0c5489122fd7827f2e0f54a89b2ecc8b4f379",
  "quantum_signature": "76007ceb1f338faff9750a4cec0f6773ed29680b64ea430aa8d312651229aab9",
  "high_speed_rail": true,
  "sovereignty_layer": {
    "individual_security": true,
    "quantum_resonance": "dfe97a38646b428d818d927ca12f57ec81f9306203fd2542f3aebf046c8c50d6",
    "deployment_vector": true,
    "cross_reference": true
  },
  "wallet_cluster": "cluster_8",
  "entanglement_group": "quantum_network",
  "access_speed": "instant"
}
