{
  "key_id": "quantum_key_36",
  "private_key": "8c7155d913ae3a953d34e10e302f627819e50c03ebb430e87fc40d0ca049e306",
  "public_key": "",
  "address": "0xbd8b07f52e0d269e371464d33e5ebf99dca95382",
  "quantum_signature": "2ec251ad9aba4f27e8f3cb59e95b7db5afcb18777c0426fd62120a39ac89a1c6",
  "high_speed_rail": true,
  "sovereignty_layer": {
    "individual_security": true,
    "quantum_resonance": "46dfab937d041c2f53cd491d467c7bd96405fec2bc2f5a58e252f8b1977090c4",
    "deployment_vector": true,
    "cross_reference": true
  },
  "wallet_cluster": "cluster_7",
  "entanglement_group": "quantum_network",
  "access_speed": "instant"
}
