{
  "key_id": "quantum_key_50",
  "private_key": "c8e62d9d70a29c1307512886242287d03280e60fda1d19d0fae9f346b1a8361f",
  "public_key": "",
  "address": "0x80bcad204294212ec614c400b65775096e5c7f4b",
  "quantum_signature": "a36323eb64360015f57bb4b269d39f0f52ffd551473cbe3dbce806aa8cbe33c6",
  "high_speed_rail": true,
  "sovereignty_layer": {
    "individual_security": true,
    "quantum_resonance": "7b5b00e3a5ba70dc274c34d1b0df10b8685540f16a97113832ddb085c50f439c",
    "deployment_vector": true,
    "cross_reference": true
  },
  "wallet_cluster": "cluster_1",
  "entanglement_group": "quantum_network",
  "access_speed": "instant"
}
