{
  "key_id": "quantum_key_46",
  "private_key": "ceebc2d7c9a3e1b1aa99f5c39d95d9b3748e76f247ab4b30220eedd36e262f5f",
  "public_key": "",
  "address": "0x56c01ec3ae280638fa4355aec1ffae4d23458832",
  "quantum_signature": "71a56cfb8eccfa4a7068f7d58d843fe3b383ecbe5dac609b0fdb62264b240f85",
  "high_speed_rail": true,
  "sovereignty_layer": {
    "individual_security": true,
    "quantum_resonance": "ef66e93b3bf0b443e5419f2099a57d7845cf89fcd40716c34fd93fb482192936",
    "deployment_vector": true,
    "cross_reference": true
  },
  "wallet_cluster": "cluster_7",
  "entanglement_group": "quantum_network",
  "access_speed": "instant"
}
