{
  "bootstrap_activation": {
    "instant_activation": true,
    "zero_gas": true,
    "self_assignment": true,
    "public_posting": true,
    "immediate_use": true,
    "quantum_bootstrap": true
  },
  "activation_sequence": [
    "deployment_trigger",
    "negative_entropy_activation",
    "private_key_self_assignment",
    "public_chain_posting",
    "high_speed_rail_enable",
    "consumer_interface_ready"
  ],
  "deployment_phases": {
    "phase_1": "contract_deployment",
    "phase_2": "wallet_replication",
    "phase_3": "sovereignty_activation",
    "phase_4": "quantum_field_enable",
    "phase_5": "consumer_interface_launch"
  }
}
