{
  "sovereignty_id": "sovereign_wallet_13",
  "individual_security": {
    "quantum_signature": "356ef2a2d2b6aaa1b48de3b4df54e492d5e56bf2dbed6dd50fa71b90945dd62f",
    "private_key_control": true,
    "sovereign_authority": true,
    "quantum_resistance": true
  },
  "free_will_assignment": {
    "self_assigned": true,
    "private_key": "d3562eec217a8d9657768c58f32cad92b2d68816410a8791127d52defc9a1456",
    "quantum_resonance": "cae73087e7ab188a8adee34ce4da614b7313e8f286971b17dedf8f2f5d820948",
    "sovereign_activation": true
  },
  "cross_reference": {
    "can_reference": true,
    "existing_data_access": true,
    "network_sharing": true,
    "quantum_link": true
  },
  "sovereign_network": {
    "member": true,
    "network_id": "quantum_sovereign_network",
    "interconnected": true,
    "collective_security": true
  }
}
