{
  "sovereignty_id": "sovereign_wallet_7",
  "individual_security": {
    "quantum_signature": "c75330f26d3c107a38cede73ffb90fd74cd226761cca26affd09a762f97c1962",
    "private_key_control": true,
    "sovereign_authority": true,
    "quantum_resistance": true
  },
  "free_will_assignment": {
    "self_assigned": true,
    "private_key": "d10cf5c8981fe82a3929fa53cba8353b605151680cc63abcf011d2d88f53123f",
    "quantum_resonance": "1477ac73b1a72fa1a2f24a8dbe5b6438998e2cfede5e72edcaecc08ec3a6bafb",
    "sovereign_activation": true
  },
  "cross_reference": {
    "can_reference": true,
    "existing_data_access": true,
    "network_sharing": true,
    "quantum_link": true
  },
  "sovereign_network": {
    "member": true,
    "network_id": "quantum_sovereign_network",
    "interconnected": true,
    "collective_security": true
  }
}
