{
  "sovereignty_id": "sovereign_wallet_9",
  "individual_security": {
    "quantum_signature": "47cec223bc2c86a73abcef716adf3675f631ce397e6505db18f4af6484d0abfe",
    "private_key_control": true,
    "sovereign_authority": true,
    "quantum_resistance": true
  },
  "free_will_assignment": {
    "self_assigned": true,
    "private_key": "dec91465633e29594ce006f132fd9d4d04aa9563fb1b2ce38a0b3d024d7dffa1",
    "quantum_resonance": "aa1010ba4406d1d11477170c3094c2d3ce1a821b069d4a403221e41835d391c2",
    "sovereign_activation": true
  },
  "cross_reference": {
    "can_reference": true,
    "existing_data_access": true,
    "network_sharing": true,
    "quantum_link": true
  },
  "sovereign_network": {
    "member": true,
    "network_id": "quantum_sovereign_network",
    "interconnected": true,
    "collective_security": true
  }
}
