{
  "sovereignty_id": "sovereign_wallet_15",
  "individual_security": {
    "quantum_signature": "a594f7420a1197e5a80b4a77f216b02709e6f02da8a020c8ab9794fba6b51325",
    "private_key_control": true,
    "sovereign_authority": true,
    "quantum_resistance": true
  },
  "free_will_assignment": {
    "self_assigned": true,
    "private_key": "1880f46b61f465c967ed034eb67af82fde405f2769d8cf1701ff4a88c21d0aec",
    "quantum_resonance": "55c7ba30d4599b25022e978cae47218ce3e4d8271ab76febf6141dacde07d02b",
    "sovereign_activation": true
  },
  "cross_reference": {
    "can_reference": true,
    "existing_data_access": true,
    "network_sharing": true,
    "quantum_link": true
  },
  "sovereign_network": {
    "member": true,
    "network_id": "quantum_sovereign_network",
    "interconnected": true,
    "collective_security": true
  }
}
