{
  "sovereignty_id": "sovereign_wallet_4",
  "individual_security": {
    "quantum_signature": "aeb0efe7d461f109488c3a6513081a9e22bdd352398dcd59bf37647de94b9d52",
    "private_key_control": true,
    "sovereign_authority": true,
    "quantum_resistance": true
  },
  "free_will_assignment": {
    "self_assigned": true,
    "private_key": "5ae600dd4ccf773f3fba90aaf20917a46f8e8deab4267a8a03951f40b9ea3e23",
    "quantum_resonance": "948faaf851e8c5099a1745808dca8e4d266fd92d27c1163abcd7e72c835261e3",
    "sovereign_activation": true
  },
  "cross_reference": {
    "can_reference": true,
    "existing_data_access": true,
    "network_sharing": true,
    "quantum_link": true
  },
  "sovereign_network": {
    "member": true,
    "network_id": "quantum_sovereign_network",
    "interconnected": true,
    "collective_security": true
  }
}
