{
  "sovereignty_id": "sovereign_wallet_10",
  "individual_security": {
    "quantum_signature": "4ce7a62d46c4255aecf31cf357d3f4694cf65507671b5d733efc3aa828203ff6",
    "private_key_control": true,
    "sovereign_authority": true,
    "quantum_resistance": true
  },
  "free_will_assignment": {
    "self_assigned": true,
    "private_key": "de38642d521be7ae9d51f5de9f06844f8658d79a7f913b7bdfbbee7dd29e920e",
    "quantum_resonance": "3d15239ddadc3e8f37e0d3dabcad7cdcd14831d594515749347fbe502f379a2f",
    "sovereign_activation": true
  },
  "cross_reference": {
    "can_reference": true,
    "existing_data_access": true,
    "network_sharing": true,
    "quantum_link": true
  },
  "sovereign_network": {
    "member": true,
    "network_id": "quantum_sovereign_network",
    "interconnected": true,
    "collective_security": true
  }
}
