{
  "sovereignty_id": "sovereign_wallet_3",
  "individual_security": {
    "quantum_signature": "b80d9314c72c692e530aab5e97d6384e094ce8fd71e82ac935a9c2e89f771bfd",
    "private_key_control": true,
    "sovereign_authority": true,
    "quantum_resistance": true
  },
  "free_will_assignment": {
    "self_assigned": true,
    "private_key": "68cc63884d0fc9af1e36a950c6f6b841fab83ad79a3c6afa656d566bf87a479e",
    "quantum_resonance": "07c04f185773c2a216eed45c5765f17e319bd35e9fab4543ed702a4224f23889",
    "sovereign_activation": true
  },
  "cross_reference": {
    "can_reference": true,
    "existing_data_access": true,
    "network_sharing": true,
    "quantum_link": true
  },
  "sovereign_network": {
    "member": true,
    "network_id": "quantum_sovereign_network",
    "interconnected": true,
    "collective_security": true
  }
}
