{
  "sovereignty_id": "sovereign_wallet_11",
  "individual_security": {
    "quantum_signature": "094123540afb9873f8d0663b7e78e1116bb7bbf792d679cc9e9245a3fd0ba842",
    "private_key_control": true,
    "sovereign_authority": true,
    "quantum_resistance": true
  },
  "free_will_assignment": {
    "self_assigned": true,
    "private_key": "6dc503d5af88f2154e8d1fe82a46055b8cb9794cd6f418f95163c61034f655b5",
    "quantum_resonance": "b29de401c7c79ed5fb484c9f73b467b3126ef78c04a069e432bda414ea720738",
    "sovereign_activation": true
  },
  "cross_reference": {
    "can_reference": true,
    "existing_data_access": true,
    "network_sharing": true,
    "quantum_link": true
  },
  "sovereign_network": {
    "member": true,
    "network_id": "quantum_sovereign_network",
    "interconnected": true,
    "collective_security": true
  }
}
