{
  "sovereignty_layer": {
    "individual_security": true,
    "quantum_resonance": true,
    "free_will_assignment": true,
    "cross_reference": true,
    "sovereign_network": true,
    "quantum_protection": true
  },
  "security_features": [
    "individual_sovereignty",
    "quantum_signatures",
    "free_will_activation",
    "cross_reference_capability",
    "networked_sovereignty",
    "quantum_resistance"
  ],
  "deployment_vectors": {
    "private_key_self_assignment": true,
    "quantum_resonance_activation": true,
    "sovereign_network_join": true,
    "cross_reference_enable": true
  }
}
