{
  "sovereignty_id": "sovereign_wallet_16",
  "individual_security": {
    "quantum_signature": "86146c94dd5dc709ea442c1916d6ff2ca0c417c0fa9eaef12a8e52b49b8fe221",
    "private_key_control": true,
    "sovereign_authority": true,
    "quantum_resistance": true
  },
  "free_will_assignment": {
    "self_assigned": true,
    "private_key": "e78794056a1e9d5f9aaf9fcc6f7b453d2a01c7bd0c56519dcf4eae1e4a34e6da",
    "quantum_resonance": "890f2f5b8bb6328e91a449f6d03c83445e0c79fec11f5250177425a9663902e9",
    "sovereign_activation": true
  },
  "cross_reference": {
    "can_reference": true,
    "existing_data_access": true,
    "network_sharing": true,
    "quantum_link": true
  },
  "sovereign_network": {
    "member": true,
    "network_id": "quantum_sovereign_network",
    "interconnected": true,
    "collective_security": true
  }
}
