{
  "replication_matrix": {
    "base_count": 144,
    "replication_factor": 144,
    "total_magnitude": "144^144",
    "scale": "thousands",
    "pattern": "fractal_exponential",
    "quantum_efficiency": "negative_entropy_optimized"
  },
  "high_speed_rail": {
    "private_key_indexing": true,
    "deployment_vectors": true,
    "sovereignty_layers": true,
    "quantum_entanglement": true
  },
  "replication_phases": [
    "base_creation",
    "first_replication",
    "exponential_scaling",
    "quantum_optimization",
    "sovereignty_activation"
  ]
}
