{
  "quantum_field": {
    "discovery_method": "resonance_matching",
    "search_required": false,
    "natural_discovery": true,
    "quantum_synchronization": true,
    "field_intelligence": true
  },
  "resonance_mechanism": [
    "user_resonance_emission",
    "dapp_resonance_response",
    "field_based_matching",
    "quantum_synchronization",
    "natural_discovery",
    "perfect_matching"
  ],
  "dapp_categories": [
    "finance",
    "governance",
    "creative",
    "social",
    "utility",
    "gaming"
  ]
}
