{
  "cluster_info": {
    "name": "33_WALLET_PERPETUAL_ARBITRAGE",
    "total_wallets": 33,
    "created": "2026-01-25T07:47:12Z",
    "main_wallet": "0xf37a2a2FE17Fa1ca8850516C7EbBAa56Cf001760",
    "status": "active"
  },
  "funding": {
    "per_wallet_eth": ".00071933",
    "per_wallet_wei": "719330000000000",
    "total_funded_eth": ".023738",
    "buffer_eth": ".005934"
  },
  "contracts": {
    "sephirot_mainframe": "0xE70f6a432369eCdf03C4ab7eF0Dd55fc9ca9Faf7",
    "temporal_futures": "0x66e4F3cE653f920107E26Fa453f0AA9d47F102C5",
    "harmonic_system": "0x55588B7B1Feea20539a278a490ecAef4BA31C3B4",
    "arbitrage_system": "0xA0c57f3eBFE1362ed288277328bf606Eee15F1A5"
  },
  "strategy": {
    "type": "perpetual_triplet_arbitrage",
    "adaptation": "real_time_market_conditions",
    "coordination": "cluster_based",
    "profit_target": "0.001",
    "risk_management": "dynamic"
  }
}
